<?xml version="1.0" ?><job><property name="user.input.dir"><string>E:\yeemaa</string></property><property name="plugin.org.dita.odt.dir"><string>plugins/org.dita.odt</string></property><property name="plugin.org.dita.eclipsecontent.dir"><string>plugins/org.dita.eclipsecontent</string></property><property name="plugin.com.oxygenxml.webhelp.common.dir"><string>plugins/com.oxygenxml.webhelp.common</string></property><property name="transtypes"><string>markdown;markdown_github;markdown_gitbook;pdf;pdf2;docx;normalize;metrics-report;webhelp-responsive;exportmap;merged;pdf-css;webhelp;webhelp-feedback;webhelpCommons;webhelp-responsive-preprocess2;tocjs;org.dita-ot.html;docbook;eclipsecontent;xhtml;eclipsehelp;html5;htmlhelp;javahelp;odt;troff;wordrtf;indesign;epub;html2;json;kindle;word2dita</string></property><property name="plugin.org.dita4publishers.common.html.dir"><string>plugins/org.dita4publishers.common.html</string></property><property name="parser.md"><string>com.elovirta.dita.markdown.MarkdownReader</string></property><property name="plugin.org.dita.specialization.dita11.dir"><string>plugins/org.dita.specialization.dita11</string></property><property name="plugin.org.dita.wordrtf.dir"><string>plugins/org.dita.wordrtf</string></property><property name="plugin.org.dita.specialization.eclipsemap.dir"><string>plugins/org.dita.specialization.eclipsemap</string></property><property name="plugin.com.oxygenxml.pdf.custom.dir"><string>plugins/com.oxygenxml.pdf.custom</string></property><property name="plugin.com.oxygenxml.image.float.dir"><string>plugins/com.oxygenxml.image.float</string></property><property name="cli.color"><string>true</string></property><property name="user.input.file"><string>yeemaa.ditamap</string></property><property name="plugin.org.dita-community.common.mapdriven.dir"><string>plugins/org.dita-community.common.mapdriven</string></property><property name="plugin.org.dita.pdf2.dir"><string>plugins/org.dita.pdf2</string></property><property name="print_transtypes"><string>pdf;pdf2;pdf-css;odt;docx</string></property><property name="onlytopicinmap"><string>false</string></property><property name="plugin.org.dita-ng.dita.relaxng.dir"><string>plugins/org.dita-ng.doctypes</string></property><property name="supported_resource_extensions"><string>.pdf;.swf</string></property><property name="plugin.org.dita.xhtml.dir"><string>plugins/org.dita.xhtml</string></property><property name="plugin.org.dita-community.dita13.html.dir"><string>plugins/org.dita-community.dita13.html</string></property><property name="plugin.org.dita.docbook.dir"><string>plugins/org.dita.docbook</string></property><property name="plugin.org.dita.javahelp.dir"><string>plugins/org.dita.javahelp</string></property><property name="plugin.com.oxygenxml.pdf.review.dir"><string>plugins/com.oxygenxml.pdf.review</string></property><property name="plugin.com.elovirta.ooxml.dir"><string>plugins/com.elovirta.ooxml</string></property><property name="relflagimagelist"><string></string></property><property name="plugin.org.dita-community.preprocess-extensions.dir"><string>plugins/org.dita-community.preprocess-extensions</string></property><property name="supported_html_extensions"><string>.html;.htm</string></property><property name="plugin.order"><string>org.dita.base org.oasis-open.dita.v1_3 org.oasis-open.dita.v1_2</string></property><property name="plugin.com.oxygenxml.html.custom.dir"><string>plugins/com.oxygenxml.html.custom</string></property><property name="supported_image_extensions"><string>.gif;.svg;.bmp;.jpg;.tif;.mml;.mathml;.eps;.jpeg;.png;.tiff</string></property><property name="otrelease"><string>2.5</string></property><property name="plugin.com.oxygenxml.pdf.css.dir"><string>plugins/com.oxygenxml.pdf.css</string></property><property name="InputMapDir"><string>E:\yeemaa\yeemaa.ditamap</string></property><property name="plugin.com.oxygenxml.dita.metrics.report.dir"><string>plugins/com.oxygenxml.dita.metrics.report</string></property><property name="plugin.org.dita.troff.dir"><string>plugins/org.dita.troff</string></property><property name="plugin.com.sophos.tocjs.dir"><string>plugins/com.sophos.tocjs</string></property><property name="org.dita.pdf2.i18n.enabled"><string>true</string></property><property name="plugin.com.oxygenxml.webhelp.classic.dir"><string>plugins/com.oxygenxml.webhelp.classic</string></property><property name="user.input.dir.uri"><string>file:/E:/yeemaa/</string></property><property name="plugin.org.dita.html5.dir"><string>plugins/org.dita.html5</string></property><property name="generatecopyouter"><string>NOT_GENERATEOUTTER</string></property><property name="default.cascade"><string>merge</string></property><property name="plugin.org.dita.eclipsehelp.dir"><string>plugins/org.dita.eclipsehelp</string></property><property name="plugin.org.dita-community.adjust-copy-to.dir"><string>plugins/org.dita-community.adjust-copy-to</string></property><property name="outputdir"><string>E:\yeemaa\out\pdf</string></property><property name="plugin.org.dita.htmlhelp.dir"><string>plugins/org.dita.htmlhelp</string></property><property name="temp-file-name-scheme"><string>org.dita.dost.module.GenMapAndTopicListModule$DefaultTempFileScheme</string></property><property name="plugin.com.github.dita-ot-plugins.normalize.dir"><string>plugins/com.github.dita-ot-plugins.normalize</string></property><property name="plugin.com.oxygenxml.merge.dir"><string>plugins/com.oxygenxml.merged</string></property><property name="plugin.org.dita.base.dir"><string>.</string></property><property name="plugin.org.dita4publishers.html2.dir"><string>plugins/org.dita4publishers.html2</string></property><property name="plugin.com.oxygenxml.editlink.dir"><string>plugins/com.oxygenxml.editlink</string></property><property name="plugindirs"><string>plugins;demo</string></property><property name="plugin.com.elovirta.dita.markdown.dir"><string>plugins/com.elovirta.dita.markdown</string></property><property name="user.input.file.listfile"><string>usr.input.file.list</string></property><property name="plugin.org.dita4publishers.json.dir"><string>plugins/org.dita4publishers.json</string></property><property name="outercontrol"><string>WARN</string></property><property name="plugin.org.dita4publishers.common.mapdriven.dir"><string>plugins/org.dita4publishers.common.mapdriven</string></property><property name="plugin.ignores"><string></string></property><property name="relflagimagefile"><string>relflagimage.list</string></property><property name="plugin.org.dita-community.common.xslt.dir"><string>plugins/org.dita-community.common.xslt</string></property><property name="user.input.file.uri"><string>yeemaa.ditamap</string></property><property name="plugin.com.oxygenxml.highlight.dir"><string>plugins/com.oxygenxml.highlight</string></property><property name="plugin.org.dita4publishers.dita2indesign.dir"><string>plugins/org.dita4publishers.dita2indesign</string></property><property name="plugin.org.dita4publishers.epub.dir"><string>plugins/org.dita4publishers.epub</string></property><property name="plugin.org.dita-community.dita13.pdf.dir"><string>plugins/org.dita-community.dita13.pdf</string></property><property name="plugin.com.oxygenxml.dost.patches.dir"><string>plugins/com.oxygenxml.dost.patches</string></property><property name="plugin.com.oxygenxml.dita-ot.plugin.mathml.dir"><string>plugins/mathml</string></property><property name="plugin.org.dita.pdf2.axf.dir"><string>plugins/org.dita.pdf2.axf</string></property><property name="plugin.org.oasis-open.dita.v1_2.dir"><string>plugins/org.oasis-open.dita.v1_2</string></property><property name="InputMapDir.uri"><string>file:/E:/yeemaa/yeemaa.ditamap</string></property><property name="plugin.com.oxygenxml.export.map.dir"><string>plugins/com.oxygenxml.export.map</string></property><property name="plugin.com.oxygenxml.html.embed.dir"><string>plugins/com.oxygenxml.html.embed</string></property><property name="plugin.org.dita4publishers.word2dita.dir"><string>plugins/org.dita4publishers.word2dita</string></property><property name="plugin.org.dita4publishers.common.xslt.dir"><string>plugins/org.dita4publishers.common.xslt</string></property><property name="plugin.org.dita.pdf2.fop.dir"><string>plugins/org.dita.pdf2.fop</string></property><property name="plugin.com.oxygenxml.media.dir"><string>plugins/com.oxygenxml.media</string></property><property name="plugin.org.dita.pdf2.xep.dir"><string>plugins/org.dita.pdf2.xep</string></property><property name="tempdirToinputmapdir.relative.value"><string></string></property><property name="plugin.org.dita-ot.html.dir"><string>plugins/org.dita-ot.html</string></property><property name="plugin.org.dita4publishers.kindle.dir"><string>plugins/org.dita4publishers.kindle</string></property><property name="plugin.com.oxygenxml.webhelp.responsive.dir"><string>plugins/com.oxygenxml.webhelp.responsive</string></property><property name="plugin.org.oasis.xdita.dir"><string>plugins/org.oasis.xdita</string></property><property name="otversion"><string>2.5.4</string></property><property name="plugin.org.oasis-open.dita.v1_3.dir"><string>plugins/org.oasis-open.dita.v1_3</string></property><property name="parser.markdown"><string>com.elovirta.dita.markdown.MarkdownReader</string></property><property name="uplevels"><string></string></property><files><file src="file:/E:/yeemaa/images/newproject/newproject03-1.png" uri="images/newproject/newproject03-1.png" path="images\newproject\newproject03-1.png" result="file:/E:/yeemaa/images/newproject/newproject03-1.png" format="image"></file><file src="file:/E:/yeemaa/commonoperation/term_setting.dita" uri="commonoperation/term_setting.dita" path="commonoperation\term_setting.dita" result="file:/E:/yeemaa/commonoperation/term_setting.dita" format="dita" has-link="true" target="true"></file><file src="file:/E:/yeemaa/otherfunctions/other_function01.dita" uri="otherfunctions/other_function01.dita" path="otherfunctions\other_function01.dita" result="file:/E:/yeemaa/otherfunctions/other_function01.dita" format="dita" has-link="true" target="true"></file><file src="file:/E:/yeemaa/images/common%20operation/预览原文.png" uri="images/common%20operation/预览原文.png" path="images\common operation\预览原文.png" result="file:/E:/yeemaa/images/common%20operation/预览原文.png" format="image"></file><file src="file:/E:/yeemaa/images/input_note_window.png" uri="images/input_note_window.png" path="images\input_note_window.png" result="file:/E:/yeemaa/images/input_note_window.png" format="image"></file><file src="file:/E:/yeemaa/NewProject/newproject03-3.dita" uri="NewProject/newproject03-3.dita" path="NewProject\newproject03-3.dita" result="file:/E:/yeemaa/NewProject/newproject03-3.dita" format="dita" has-link="true" target="true"></file><file src="file:/E:/yeemaa/images/projectexport/step1.png" uri="images/projectexport/step1.png" path="images\projectexport\step1.png" result="file:/E:/yeemaa/images/projectexport/step1.png" format="image"></file><file src="file:/E:/yeemaa/commonoperation/source_edit/source_edit.dita" uri="commonoperation/source_edit/source_edit.dita" path="commonoperation\source_edit\source_edit.dita" result="file:/E:/yeemaa/commonoperation/source_edit/source_edit.dita" format="dita" has-link="true" target="true"></file><file src="file:/E:/yeemaa/images/icon/下一步.png" uri="images/icon/下一步.png" path="images\icon\下一步.png" result="file:/E:/yeemaa/images/icon/下一步.png" format="image"></file><file src="file:/E:/yeemaa/FAQs/faqs.dita" uri="FAQs/faqs.dita" path="FAQs\faqs.dita" result="file:/E:/yeemaa/FAQs/faqs.dita" format="dita" target="true"></file><file src="file:/E:/yeemaa/commonoperation/search_and_replace/search_and_replace01.dita" uri="commonoperation/search_and_replace/search_and_replace01.dita" path="commonoperation\search_and_replace\search_and_replace01.dita" result="file:/E:/yeemaa/commonoperation/search_and_replace/search_and_replace01.dita" format="dita" has-link="true" target="true"></file><file src="file:/E:/yeemaa/images/common%20operation/confirm.png" uri="images/common%20operation/confirm.png" path="images\common operation\confirm.png" result="file:/E:/yeemaa/images/common%20operation/confirm.png" format="image"></file><file src="file:/E:/yeemaa/projectsetting/project-setting.dita" uri="projectsetting/project-setting.dita" path="projectsetting\project-setting.dita" result="file:/E:/yeemaa/projectsetting/project-setting.dita" format="dita" has-link="true" target="true"></file><file src="file:/E:/yeemaa/commonoperation/text_edit/text_edit02.dita" uri="commonoperation/text_edit/text_edit02.dita" path="commonoperation\text_edit\text_edit02.dita" result="file:/E:/yeemaa/commonoperation/text_edit/text_edit02.dita" format="dita" has-link="true" target="true"></file><file src="file:/E:/yeemaa/images/addnewfile/step3.png" uri="images/addnewfile/step3.png" path="images\addnewfile\step3.png" result="file:/E:/yeemaa/images/addnewfile/step3.png" format="image"></file><file src="file:/E:/yeemaa/images/corpus-setting/step3.png" uri="images/corpus-setting/step3.png" path="images\corpus-setting\step3.png" result="file:/E:/yeemaa/images/corpus-setting/step3.png" format="image"></file><file src="file:/E:/yeemaa/images/addnewfile/project_setting02.png" uri="images/addnewfile/project_setting02.png" path="images\addnewfile\project_setting02.png" result="file:/E:/yeemaa/images/addnewfile/project_setting02.png" format="image"></file><file src="file:/E:/yeemaa/images/common%20operation/addterm01.png" uri="images/common%20operation/addterm01.png" path="images\common operation\addterm01.png" result="file:/E:/yeemaa/images/common%20operation/addterm01.png" format="image"></file><file src="file:/E:/yeemaa/images/projectexport/step3.png" uri="images/projectexport/step3.png" path="images\projectexport\step3.png" result="file:/E:/yeemaa/images/projectexport/step3.png" format="image"></file><file src="file:/E:/yeemaa/commonoperation/text_edit/text_edit03.dita" uri="commonoperation/text_edit/text_edit03.dita" path="commonoperation\text_edit\text_edit03.dita" result="file:/E:/yeemaa/commonoperation/text_edit/text_edit03.dita" format="dita" has-link="true" target="true"></file><file src="file:/E:/yeemaa/images/icon/icon_open_chat.png" uri="images/icon/icon_open_chat.png" path="images\icon\icon_open_chat.png" result="file:/E:/yeemaa/images/icon/icon_open_chat.png" format="image"></file><file src="file:/E:/yeemaa/NewProject/newproject03-4.dita" uri="NewProject/newproject03-4.dita" path="NewProject\newproject03-4.dita" result="file:/E:/yeemaa/NewProject/newproject03-4.dita" format="dita" has-link="true" target="true"></file><file src="file:/E:/yeemaa/commonoperation/QAcheck01.dita" uri="commonoperation/QAcheck01.dita" path="commonoperation\QAcheck01.dita" result="file:/E:/yeemaa/commonoperation/QAcheck01.dita" format="dita" has-link="true" target="true"></file><file src="file:/E:/yeemaa/images/common%20operation/editterm01.png" uri="images/common%20operation/editterm01.png" path="images\common operation\editterm01.png" result="file:/E:/yeemaa/images/common%20operation/editterm01.png" format="image"></file><file src="file:/E:/yeemaa/images/common%20operation/autoQA02.png" uri="images/common%20operation/autoQA02.png" path="images\common operation\autoQA02.png" result="file:/E:/yeemaa/images/common%20operation/autoQA02.png" format="image"></file><file src="file:/E:/yeemaa/images/common%20operation/text_edit01.png" uri="images/common%20operation/text_edit01.png" path="images\common operation\text_edit01.png" result="file:/E:/yeemaa/images/common%20operation/text_edit01.png" format="image"></file><file src="file:/E:/yeemaa/images/common%20operation/manualQA01.png" uri="images/common%20operation/manualQA01.png" path="images\common operation\manualQA01.png" result="file:/E:/yeemaa/images/common%20operation/manualQA01.png" format="image"></file><file src="file:/E:/yeemaa/projectsetting/project-setting01.dita" uri="projectsetting/project-setting01.dita" path="projectsetting\project-setting01.dita" result="file:/E:/yeemaa/projectsetting/project-setting01.dita" format="dita" has-link="true" target="true"></file><file src="file:/E:/yeemaa/commonoperation/search_and_replace/search_and_replace02.dita" uri="commonoperation/search_and_replace/search_and_replace02.dita" path="commonoperation\search_and_replace\search_and_replace02.dita" result="file:/E:/yeemaa/commonoperation/search_and_replace/search_and_replace02.dita" format="dita" has-link="true" target="true"></file><file src="file:/E:/yeemaa/images/newproject/newproject03-3.png" uri="images/newproject/newproject03-3.png" path="images\newproject\newproject03-3.png" result="file:/E:/yeemaa/images/newproject/newproject03-3.png" format="image"></file><file src="file:/E:/yeemaa/images/icon/icon_addterm.png" uri="images/icon/icon_addterm.png" path="images\icon\icon_addterm.png" result="file:/E:/yeemaa/images/icon/icon_addterm.png" format="image"></file><file src="file:/E:/yeemaa/NewProject/newproject03-1.dita" uri="NewProject/newproject03-1.dita" path="NewProject\newproject03-1.dita" result="file:/E:/yeemaa/NewProject/newproject03-1.dita" format="dita" has-link="true" target="true"></file><file src="file:/E:/yeemaa/commonoperation/text_edit/text_edit.dita" uri="commonoperation/text_edit/text_edit.dita" path="commonoperation\text_edit\text_edit.dita" result="file:/E:/yeemaa/commonoperation/text_edit/text_edit.dita" format="dita" has-link="true" target="true"></file><file src="file:/E:/yeemaa/images/icon/icon_open_note.png" uri="images/icon/icon_open_note.png" path="images\icon\icon_open_note.png" result="file:/E:/yeemaa/images/icon/icon_open_note.png" format="image"></file><file src="file:/E:/yeemaa/NewProject/newproject01.dita" uri="NewProject/newproject01.dita" path="NewProject\newproject01.dita" result="file:/E:/yeemaa/NewProject/newproject01.dita" format="dita" has-link="true" target="true"></file><file src="file:/E:/yeemaa/otherfunctions/other_function02.dita" uri="otherfunctions/other_function02.dita" path="otherfunctions\other_function02.dita" result="file:/E:/yeemaa/otherfunctions/other_function02.dita" format="dita" has-link="true" target="true"></file><file src="file:/E:/yeemaa/quickstart/quickstart.dita" uri="quickstart/quickstart.dita" path="quickstart\quickstart.dita" result="file:/E:/yeemaa/quickstart/quickstart.dita" format="dita" has-link="true" target="true"></file><file src="file:/E:/yeemaa/images/addnewfile/step1.png" uri="images/addnewfile/step1.png" path="images\addnewfile\step1.png" result="file:/E:/yeemaa/images/addnewfile/step1.png" format="image"></file><file src="file:/E:/yeemaa/commonoperation/preview.dita" uri="commonoperation/preview.dita" path="commonoperation\preview.dita" result="file:/E:/yeemaa/commonoperation/preview.dita" format="dita" has-link="true" target="true"></file><file src="file:/E:/yeemaa/commonoperation/term_setting02.dita" uri="commonoperation/term_setting02.dita" path="commonoperation\term_setting02.dita" result="file:/E:/yeemaa/commonoperation/term_setting02.dita" format="dita" has-link="true" target="true"></file><file src="file:/E:/yeemaa/images/common%20operation/addterm03.png" uri="images/common%20operation/addterm03.png" path="images\common operation\addterm03.png" result="file:/E:/yeemaa/images/common%20operation/addterm03.png" format="image"></file><file src="file:/E:/yeemaa/images/trans_diff.png" uri="images/trans_diff.png" path="images\trans_diff.png" result="file:/E:/yeemaa/images/trans_diff.png" format="image"></file><file src="file:/E:/yeemaa/NewProject/newproject03.dita" uri="NewProject/newproject03.dita" path="NewProject\newproject03.dita" result="file:/E:/yeemaa/NewProject/newproject03.dita" format="dita" has-link="true" target="true"></file><file src="file:/E:/yeemaa/projectsetting/project-setting03.dita" uri="projectsetting/project-setting03.dita" path="projectsetting\project-setting03.dita" result="file:/E:/yeemaa/projectsetting/project-setting03.dita" format="dita" has-link="true" target="true"></file><file src="file:/E:/yeemaa/commonoperation/QAcheck02.dita" uri="commonoperation/QAcheck02.dita" path="commonoperation\QAcheck02.dita" result="file:/E:/yeemaa/commonoperation/QAcheck02.dita" format="dita" has-link="true" target="true"></file><file src="file:/E:/yeemaa/commonoperation/search_and_replace/search_and_replace.dita" uri="commonoperation/search_and_replace/search_and_replace.dita" path="commonoperation\search_and_replace\search_and_replace.dita" result="file:/E:/yeemaa/commonoperation/search_and_replace/search_and_replace.dita" format="dita" has-link="true" target="true"></file><file src="file:/E:/yeemaa/images/newproject/newproject04-1.png" uri="images/newproject/newproject04-1.png" path="images\newproject\newproject04-1.png" result="file:/E:/yeemaa/images/newproject/newproject04-1.png" format="image"></file><file src="file:/E:/yeemaa/images/chat_room.png" uri="images/chat_room.png" path="images\chat_room.png" result="file:/E:/yeemaa/images/chat_room.png" format="image"></file><file src="file:/E:/yeemaa/otherfunctions/other_function00.dita" uri="otherfunctions/other_function00.dita" path="otherfunctions\other_function00.dita" result="file:/E:/yeemaa/otherfunctions/other_function00.dita" format="dita" has-link="true" target="true"></file><file src="file:/E:/yeemaa/images/corpus-setting/step2.png" uri="images/corpus-setting/step2.png" path="images\corpus-setting\step2.png" result="file:/E:/yeemaa/images/corpus-setting/step2.png" format="image"></file><file src="file:/E:/yeemaa/commonoperation/filter.dita" uri="commonoperation/filter.dita" path="commonoperation\filter.dita" result="file:/E:/yeemaa/commonoperation/filter.dita" format="dita" has-link="true" target="true"></file><file src="file:/E:/yeemaa/commonoperation/term_setting01.dita" uri="commonoperation/term_setting01.dita" path="commonoperation\term_setting01.dita" result="file:/E:/yeemaa/commonoperation/term_setting01.dita" format="dita" has-link="true" target="true"></file><file src="file:/E:/yeemaa/images/newproject/newproject02.png" uri="images/newproject/newproject02.png" path="images\newproject\newproject02.png" result="file:/E:/yeemaa/images/newproject/newproject02.png" format="image"></file><file src="file:/E:/yeemaa/images/icon/icon-download.png" uri="images/icon/icon-download.png" path="images\icon\icon-download.png" result="file:/E:/yeemaa/images/icon/icon-download.png" format="image"></file><file src="file:/E:/yeemaa/images/icon/icon_add_note.png" uri="images/icon/icon_add_note.png" path="images\icon\icon_add_note.png" result="file:/E:/yeemaa/images/icon/icon_add_note.png" format="image"></file><file src="file:/E:/yeemaa/images/addnewfile/step5.png" uri="images/addnewfile/step5.png" path="images\addnewfile\step5.png" result="file:/E:/yeemaa/images/addnewfile/step5.png" format="image"></file><file src="file:/E:/yeemaa/images/projectexport/step0.png" uri="images/projectexport/step0.png" path="images\projectexport\step0.png" result="file:/E:/yeemaa/images/projectexport/step0.png" format="image"></file><file src="file:/E:/yeemaa/images/common%20operation/替换.png" uri="images/common%20operation/替换.png" path="images\common operation\替换.png" result="file:/E:/yeemaa/images/common%20operation/替换.png" format="image"></file><file src="file:/E:/yeemaa/commonoperation/display_setting.dita" uri="commonoperation/display_setting.dita" path="commonoperation\display_setting.dita" result="file:/E:/yeemaa/commonoperation/display_setting.dita" format="dita" has-link="true" target="true"></file><file src="file:/E:/yeemaa/images/routinemap.png" uri="images/routinemap.png" path="images\routinemap.png" result="file:/E:/yeemaa/images/routinemap.png" format="image"></file><file src="file:/E:/yeemaa/images/icon/icon_view_diff.png" uri="images/icon/icon_view_diff.png" path="images\icon\icon_view_diff.png" result="file:/E:/yeemaa/images/icon/icon_view_diff.png" format="image"></file><file src="file:/E:/yeemaa/images/common%20operation/拆分后.png" uri="images/common%20operation/拆分后.png" path="images\common operation\拆分后.png" result="file:/E:/yeemaa/images/common%20operation/拆分后.png" format="image"></file><file src="file:/E:/yeemaa/images/procedure.png" uri="images/procedure.png" path="images\procedure.png" result="file:/E:/yeemaa/images/procedure.png" format="image"></file><file src="file:/E:/yeemaa/commonoperation/commonoperation.dita" uri="commonoperation/commonoperation.dita" path="commonoperation\commonoperation.dita" result="file:/E:/yeemaa/commonoperation/commonoperation.dita" format="dita" has-link="true" target="true"></file><file src="file:/E:/yeemaa/images/addnewfile/step2.png" uri="images/addnewfile/step2.png" path="images\addnewfile\step2.png" result="file:/E:/yeemaa/images/addnewfile/step2.png" format="image"></file><file src="file:/E:/yeemaa/images/icon/圆点.png" uri="images/icon/圆点.png" path="images\icon\圆点.png" result="file:/E:/yeemaa/images/icon/圆点.png" format="image"></file><file src="file:/E:/yeemaa/images/projectexport/step2.png" uri="images/projectexport/step2.png" path="images\projectexport\step2.png" result="file:/E:/yeemaa/images/projectexport/step2.png" format="image"></file><file src="file:/E:/yeemaa/images/icon/icon_addterm01.png" uri="images/icon/icon_addterm01.png" path="images\icon\icon_addterm01.png" result="file:/E:/yeemaa/images/icon/icon_addterm01.png" format="image"></file><file src="file:/E:/yeemaa/images/common%20operation/编辑原文.png" uri="images/common%20operation/编辑原文.png" path="images\common operation\编辑原文.png" result="file:/E:/yeemaa/images/common%20operation/编辑原文.png" format="image"></file><file src="file:/E:/yeemaa/images/icon/icon_left_note.png" uri="images/icon/icon_left_note.png" path="images\icon\icon_left_note.png" result="file:/E:/yeemaa/images/icon/icon_left_note.png" format="image"></file><file src="file:/E:/yeemaa/commonoperation/source_edit/source_edit01.dita" uri="commonoperation/source_edit/source_edit01.dita" path="commonoperation\source_edit\source_edit01.dita" result="file:/E:/yeemaa/commonoperation/source_edit/source_edit01.dita" format="dita" has-link="true" target="true"></file><file src="file:/E:/yeemaa/images/icon/方框.png" uri="images/icon/方框.png" path="images\icon\方框.png" result="file:/E:/yeemaa/images/icon/方框.png" format="image"></file><file src="file:/E:/yeemaa/images/common%20operation/manualQA02.png" uri="images/common%20operation/manualQA02.png" path="images\common operation\manualQA02.png" result="file:/E:/yeemaa/images/common%20operation/manualQA02.png" format="image"></file><file src="file:/E:/yeemaa/images/icon/icon_send.png" uri="images/icon/icon_send.png" path="images\icon\icon_send.png" result="file:/E:/yeemaa/images/icon/icon_send.png" format="image"></file><file src="file:/E:/yeemaa/NewProject/newproject04.dita" uri="NewProject/newproject04.dita" path="NewProject\newproject04.dita" result="file:/E:/yeemaa/NewProject/newproject04.dita" format="dita" has-link="true" target="true"></file><file src="file:/E:/yeemaa/images/common%20operation/addterm02.png" uri="images/common%20operation/addterm02.png" path="images\common operation\addterm02.png" result="file:/E:/yeemaa/images/common%20operation/addterm02.png" format="image"></file><file src="file:/E:/yeemaa/yeemaa.ditamap" uri="yeemaa.ditamap" path="yeemaa.ditamap" result="file:/E:/yeemaa/yeemaa.ditamap" format="ditamap"></file><file src="file:/E:/yeemaa/images/newproject/newproject03-2.png" uri="images/newproject/newproject03-2.png" path="images\newproject\newproject03-2.png" result="file:/E:/yeemaa/images/newproject/newproject03-2.png" format="image"></file><file src="file:/E:/yeemaa/images/common%20operation/deleteterm.png" uri="images/common%20operation/deleteterm.png" path="images\common operation\deleteterm.png" result="file:/E:/yeemaa/images/common%20operation/deleteterm.png" format="image"></file><file src="file:/E:/yeemaa/commonoperation/source_edit/source_edit02.dita" uri="commonoperation/source_edit/source_edit02.dita" path="commonoperation\source_edit\source_edit02.dita" result="file:/E:/yeemaa/commonoperation/source_edit/source_edit02.dita" format="dita" has-link="true" target="true"></file><file src="file:/E:/yeemaa/shortcuts.dita" uri="shortcuts.dita" path="shortcuts.dita" result="file:/E:/yeemaa/shortcuts.dita" format="dita" target="true"></file><file src="file:/E:/yeemaa/images/projectexport/step4.png" uri="images/projectexport/step4.png" path="images\projectexport\step4.png" result="file:/E:/yeemaa/images/projectexport/step4.png" format="image"></file><file src="file:/E:/yeemaa/commonoperation/search_and_replace/search_and_replace03.dita" uri="commonoperation/search_and_replace/search_and_replace03.dita" path="commonoperation\search_and_replace\search_and_replace03.dita" result="file:/E:/yeemaa/commonoperation/search_and_replace/search_and_replace03.dita" format="dita" has-link="true" target="true"></file><file src="file:/E:/yeemaa/intro.dita" uri="intro.dita" path="intro.dita" result="file:/E:/yeemaa/intro.dita" format="dita" target="true"></file><file src="file:/E:/yeemaa/images/icon/通用领域.png" uri="images/icon/通用领域.png" path="images\icon\通用领域.png" result="file:/E:/yeemaa/images/icon/通用领域.png" format="image"></file><file src="file:/E:/yeemaa/commonoperation/term_setting03.dita" uri="commonoperation/term_setting03.dita" path="commonoperation\term_setting03.dita" result="file:/E:/yeemaa/commonoperation/term_setting03.dita" format="dita" has-link="true" target="true"></file><file src="file:/E:/yeemaa/images/icon/试一试.png" uri="images/icon/试一试.png" path="images\icon\试一试.png" result="file:/E:/yeemaa/images/icon/试一试.png" format="image"></file><file src="file:/E:/yeemaa/NewProject/newproject.dita" uri="NewProject/newproject.dita" path="NewProject\newproject.dita" result="file:/E:/yeemaa/NewProject/newproject.dita" format="dita" has-link="true" target="true"></file><file src="file:/E:/yeemaa/commonoperation/QAcheck.dita" uri="commonoperation/QAcheck.dita" path="commonoperation\QAcheck.dita" result="file:/E:/yeemaa/commonoperation/QAcheck.dita" format="dita" has-link="true" target="true"></file><file src="file:/E:/yeemaa/images/common%20operation/autoQA01.png" uri="images/common%20operation/autoQA01.png" path="images\common operation\autoQA01.png" result="file:/E:/yeemaa/images/common%20operation/autoQA01.png" format="image"></file><file src="file:/E:/yeemaa/projectsetting/project-setting02.dita" uri="projectsetting/project-setting02.dita" path="projectsetting\project-setting02.dita" result="file:/E:/yeemaa/projectsetting/project-setting02.dita" format="dita" has-link="true" target="true"></file><file src="file:/E:/yeemaa/images/newproject/newproject04-2.png" uri="images/newproject/newproject04-2.png" path="images\newproject\newproject04-2.png" result="file:/E:/yeemaa/images/newproject/newproject04-2.png" format="image"></file><file src="file:/E:/yeemaa/images/common%20operation/筛选句段.png" uri="images/common%20operation/筛选句段.png" path="images\common operation\筛选句段.png" result="file:/E:/yeemaa/images/common%20operation/筛选句段.png" format="image"></file><file src="file:/E:/yeemaa/images/common%20operation/清除译文.png" uri="images/common%20operation/清除译文.png" path="images\common operation\清除译文.png" result="file:/E:/yeemaa/images/common%20operation/清除译文.png" format="image"></file><file src="file:/E:/yeemaa/otherfunctions/other_function.dita" uri="otherfunctions/other_function.dita" path="otherfunctions\other_function.dita" result="file:/E:/yeemaa/otherfunctions/other_function.dita" format="dita" has-link="true" target="true"></file><file src="file:/E:/yeemaa/images/common%20operation/复制原文到译文.png" uri="images/common%20operation/复制原文到译文.png" path="images\common operation\复制原文到译文.png" result="file:/E:/yeemaa/images/common%20operation/复制原文到译文.png" format="image"></file><file src="file:/E:/yeemaa/images/newproject/newproject03-4.png" uri="images/newproject/newproject03-4.png" path="images\newproject\newproject03-4.png" result="file:/E:/yeemaa/images/newproject/newproject03-4.png" format="image"></file><file src="file:/E:/yeemaa/images/common%20operation/合并原文.png" uri="images/common%20operation/合并原文.png" path="images\common operation\合并原文.png" result="file:/E:/yeemaa/images/common%20operation/合并原文.png" format="image"></file><file src="file:/E:/yeemaa/images/common%20operation/font_setting.png" uri="images/common%20operation/font_setting.png" path="images\common operation\font_setting.png" result="file:/E:/yeemaa/images/common%20operation/font_setting.png" format="image"></file><file src="file:/E:/yeemaa/images/addnewfile/step4.png" uri="images/addnewfile/step4.png" path="images\addnewfile\step4.png" result="file:/E:/yeemaa/images/addnewfile/step4.png" format="image"></file><file src="file:/E:/yeemaa/commonoperation/display_setting01.dita" uri="commonoperation/display_setting01.dita" path="commonoperation\display_setting01.dita" result="file:/E:/yeemaa/commonoperation/display_setting01.dita" format="dita" has-link="true" target="true"></file><file src="file:/E:/yeemaa/images/common%20operation/搜索语料2.png" uri="images/common%20operation/搜索语料2.png" path="images\common operation\搜索语料2.png" result="file:/E:/yeemaa/images/common%20operation/搜索语料2.png" format="image"></file><file src="file:/E:/yeemaa/images/common%20operation/拆分前.png" uri="images/common%20operation/拆分前.png" path="images\common operation\拆分前.png" result="file:/E:/yeemaa/images/common%20operation/拆分前.png" format="image"></file><file src="file:/E:/yeemaa/images/common%20operation/搜索原文与译文.png" uri="images/common%20operation/搜索原文与译文.png" path="images\common operation\搜索原文与译文.png" result="file:/E:/yeemaa/images/common%20operation/搜索原文与译文.png" format="image"></file><file src="file:/E:/yeemaa/quickstart/procedure.dita" uri="quickstart/procedure.dita" path="quickstart\procedure.dita" result="file:/E:/yeemaa/quickstart/procedure.dita" format="dita" has-link="true" target="true"></file><file src="file:/E:/yeemaa/images/common%20operation/搜索语料.png" uri="images/common%20operation/搜索语料.png" path="images\common operation\搜索语料.png" result="file:/E:/yeemaa/images/common%20operation/搜索语料.png" format="image"></file><file src="file:/E:/yeemaa/commonoperation/text_edit/text_edit01.dita" uri="commonoperation/text_edit/text_edit01.dita" path="commonoperation\text_edit\text_edit01.dita" result="file:/E:/yeemaa/commonoperation/text_edit/text_edit01.dita" format="dita" has-link="true" target="true"></file><file src="file:/E:/yeemaa/NewProject/newproject03-2.dita" uri="NewProject/newproject03-2.dita" path="NewProject\newproject03-2.dita" result="file:/E:/yeemaa/NewProject/newproject03-2.dita" format="dita" has-link="true" target="true"></file><file src="file:/E:/yeemaa/images/newproject/newproject01.png" uri="images/newproject/newproject01.png" path="images\newproject\newproject01.png" result="file:/E:/yeemaa/images/newproject/newproject01.png" format="image"></file><file src="file:/E:/yeemaa/NewProject/newproject02.dita" uri="NewProject/newproject02.dita" path="NewProject\newproject02.dita" result="file:/E:/yeemaa/NewProject/newproject02.dita" format="dita" has-link="true" target="true"></file></files></job>