<?xml version="1.0" encoding="UTF-8" standalone="yes"?>
<project basedir="D:\Oxygen XML Editor 20\frameworks\dita\DITA-OT2.x\plugins\com.oxygenxml.webhelp.responsive\templates\oxygen" name="Copy template resources" default="copy-template-resources">
    <target name="copy-template-resources">
        <mkdir dir="E:\yeemaa\quickstart/out/webhelp-responsive/oxygen-webhelp/template"/>
        <copy todir="E:\yeemaa\quickstart/out/webhelp-responsive/oxygen-webhelp/template" overwrite="yes" failonerror="yes" verbose="yes">
            <fileset dir=".">
                <include name="oxygen.css"/>
            </fileset>
            <fileset dir=".">
                <include name="resources/**/*"/>
                <exclude name="resources/**/*.svn"/>
                <exclude name="resources/**/*.git"/>
            </fileset>
        </copy>
    </target>
</project>
