<?xml version="1.0" encoding="UTF-8"?><toc xmlns="http://www.oxygenxml.com/ns/webhelp/toc" xmlns:xhtml="http://www.w3.org/1999/xhtml"><title><span xmlns="http://www.w3.org/1999/xhtml" class="booktitle">  <span class="ph mainbooktitle">WizNote Manual for Windows</span>  </span></title><topic href="W1.html" collection-type="sequence" data-id="W1"><title>About WizNote</title><shortdesc><p xmlns="http://www.w3.org/1999/xhtml" class="shortdesc">Welcome to WizNote for Windows!</p>
</shortdesc><topicmeta></topicmeta></topic><topic href="W2.html" collection-type="sequence" data-id="W2"><title>Get Started</title><shortdesc><p xmlns="http://www.w3.org/1999/xhtml" class="shortdesc">Create a WIzNote account.</p>
</shortdesc><topicmeta></topicmeta></topic><topic href="w3.html" collection-type="sequence" data-id="w3"><title>Create a Note Folder</title><shortdesc><p xmlns="http://www.w3.org/1999/xhtml" class="shortdesc">WizNote offers multi-layered folders to help you organize notes.</p>
</shortdesc><topicmeta></topicmeta></topic><topic href="W4.html" collection-type="sequence" data-id="W4"><title>Create a Note</title><shortdesc><p xmlns="http://www.w3.org/1999/xhtml" class="shortdesc">We introduce  two of WizNote's  many kinds of note:</p>
</shortdesc><topicmeta></topicmeta><topic href="W41.html" collection-type="sequence" data-id="W41"><title>Empty Note</title><shortdesc><p xmlns="http://www.w3.org/1999/xhtml" class="shortdesc">Two ways to create an empty note:</p>
</shortdesc><topicmeta></topicmeta></topic><topic href="W42.html" collection-type="sequence" data-id="W42"><title>Markdown Note</title><shortdesc><p xmlns="http://www.w3.org/1999/xhtml" class="shortdesc">Markdown allows you to write structured content, and convert it to HTML.</p>
</shortdesc><topicmeta></topicmeta></topic></topic><topic href="W5.html" collection-type="sequence" data-id="W5"><title>Share Notes</title><shortdesc><p xmlns="http://www.w3.org/1999/xhtml" class="shortdesc">Two ways to share notes:</p>
</shortdesc><topicmeta></topicmeta><topic href="W51.html" collection-type="sequence" data-id="W51"><title>Share by Email</title><shortdesc><p xmlns="http://www.w3.org/1999/xhtml" class="shortdesc">Steps to share notes by email.</p>
</shortdesc><topicmeta></topicmeta></topic><topic href="W52.html" collection-type="sequence" data-id="W52"><title>Share to Group</title><shortdesc><p xmlns="http://www.w3.org/1999/xhtml" class="shortdesc">Create or join a group before sharing.</p>
</shortdesc><topicmeta></topicmeta></topic></topic><topic href="W6.html" collection-type="sequence" data-id="W6"><title>Add Tags</title><shortdesc><p xmlns="http://www.w3.org/1999/xhtml" class="shortdesc">Two ways to add tags:</p>
</shortdesc><topicmeta></topicmeta><topic href="W61.html" collection-type="sequence" data-id="W61"><title>Tags on the Interface</title><shortdesc><p xmlns="http://www.w3.org/1999/xhtml" class="shortdesc">Add tags on the interface.</p>
</shortdesc><topicmeta></topicmeta></topic><topic href="W62.html" collection-type="sequence" data-id="W62"><title>Tags When Editing</title><shortdesc><p xmlns="http://www.w3.org/1999/xhtml" class="shortdesc">Add tags when editing.</p>
</shortdesc><topicmeta></topicmeta></topic></topic><topic href="W7.html" collection-type="sequence" data-id="W7"><title>Search Note Content</title><shortdesc><p xmlns="http://www.w3.org/1999/xhtml" class="shortdesc">Two ways to search note content:</p>
</shortdesc><topicmeta></topicmeta><topic href="W71.html" collection-type="sequence" data-id="W71"><title>Quick Search</title><topicmeta></topicmeta></topic><topic href="W72.html" collection-type="sequence" data-id="W72"><title>Advanced Search</title><topicmeta></topicmeta></topic></topic><topic href="W8.html" collection-type="sequence" data-id="W8"><title>Recover Deleted Notes</title><shortdesc><p xmlns="http://www.w3.org/1999/xhtml" class="shortdesc">You can recover deleted notes.</p>
</shortdesc><topicmeta></topicmeta></topic><topic href="W9.html" collection-type="sequence" data-id="W9"><title>For More Information</title><shortdesc><p xmlns="http://www.w3.org/1999/xhtml" class="shortdesc">For more information about WizNote, you can contact us by:</p>
</shortdesc><topicmeta></topicmeta></topic></toc>