<?xml version="1.0" encoding="UTF-8"?><toc xmlns="http://www.oxygenxml.com/ns/webhelp/toc" xmlns:xhtml="http://www.w3.org/1999/xhtml"><title><span xmlns="http://www.w3.org/1999/xhtml" class="booktitle">  <span class="ph mainbooktitle">为知笔记快速指南Windows版</span>  </span></title><topic href="W1.html" data-id="W1"><title>关于为知笔记</title><shortdesc><p xmlns="http://www.w3.org/1999/xhtml" class="shortdesc">欢迎来到为知笔记快速指南Windows版！</p>
</shortdesc><topicmeta></topicmeta></topic><topic href="W2.html" data-id="W2"><title>入门</title><shortdesc><p xmlns="http://www.w3.org/1999/xhtml" class="shortdesc">创建为知笔记账号。</p>
</shortdesc><topicmeta></topicmeta></topic><topic href="w3.html" data-id="w3"><title>新建笔记文件夹</title><shortdesc><p xmlns="http://www.w3.org/1999/xhtml" class="shortdesc">为知笔记支持多级文件夹，助您管理笔记。</p>
</shortdesc><topicmeta></topicmeta></topic><topic href="W4.html" data-id="W4"><title>新建笔记</title><shortdesc><p xmlns="http://www.w3.org/1999/xhtml" class="shortdesc">为知笔记为您提供多种笔记类型，此处重点介绍其中两种：</p>
</shortdesc><topicmeta></topicmeta><topic href="W41.html" data-id="W41"><title>默认笔记</title><shortdesc><p xmlns="http://www.w3.org/1999/xhtml" class="shortdesc">您可通过以下两种方式新建默认笔记：</p>
</shortdesc><topicmeta></topicmeta></topic><topic href="W42.html" data-id="W42"><title>Markdown 笔记</title><shortdesc><p xmlns="http://www.w3.org/1999/xhtml" class="shortdesc">您可通过 Markdown 笔记编辑文本格式，并将其转换成 HTML。</p>
</shortdesc><topicmeta></topicmeta></topic></topic><topic href="W5.html" data-id="W5"><title>分享笔记</title><shortdesc><p xmlns="http://www.w3.org/1999/xhtml" class="shortdesc">您可通过以下两种方式分享笔记：</p>
</shortdesc><topicmeta></topicmeta><topic href="W51.html" data-id="W51"><title>邮件分享</title><shortdesc><p xmlns="http://www.w3.org/1999/xhtml" class="shortdesc">邮件分享笔记的步骤。</p>
</shortdesc><topicmeta></topicmeta></topic><topic href="W52.html" data-id="W52"><title>群组分享</title><shortdesc><p xmlns="http://www.w3.org/1999/xhtml" class="shortdesc">分享前您需新建一个群组。</p>
</shortdesc><topicmeta></topicmeta></topic></topic><topic href="W6.html" data-id="W6"><title>添加标签</title><shortdesc><p xmlns="http://www.w3.org/1999/xhtml" class="shortdesc">您可通过以下两种方式添加标签：</p>
</shortdesc><topicmeta></topicmeta><topic href="W61.html" data-id="W61"><title>在界面中添加标签</title><shortdesc><p xmlns="http://www.w3.org/1999/xhtml" class="shortdesc">在界面中添加标签。</p>
</shortdesc><topicmeta></topicmeta></topic><topic href="W62.html" data-id="W62"><title>在编辑时添加标签</title><shortdesc><p xmlns="http://www.w3.org/1999/xhtml" class="shortdesc">在编辑时添加标签。</p>
</shortdesc><topicmeta></topicmeta></topic></topic><topic href="W7.html" data-id="W7"><title>搜索笔记内容</title><shortdesc><p xmlns="http://www.w3.org/1999/xhtml" class="shortdesc">您可通过以下两种方式搜索笔记内容：</p>
</shortdesc><topicmeta></topicmeta><topic href="W71.html" data-id="W71"><title>快速搜索</title><topicmeta></topicmeta></topic><topic href="W72.html" data-id="W72"><title>高级搜索</title><topicmeta></topicmeta></topic></topic><topic href="W8.html" data-id="W8"><title>恢复已删除笔记</title><shortdesc><p xmlns="http://www.w3.org/1999/xhtml" class="shortdesc">您可以恢复已删除的笔记。</p>
</shortdesc><topicmeta></topicmeta></topic><topic href="W9.html" data-id="W9"><title>更多信息</title><shortdesc><p xmlns="http://www.w3.org/1999/xhtml" class="shortdesc">如需获取有关为知笔记的更多信息，请您：</p>
</shortdesc><topicmeta></topicmeta></topic></toc>