<?xml version="1.0" encoding="UTF-8"?><toc xmlns="http://www.oxygenxml.com/ns/webhelp/toc" xmlns:xhtml="http://www.w3.org/1999/xhtml"><title><span xmlns="http://www.w3.org/1999/xhtml" class="booktitle">  <span class="ph mainbooktitle">为知笔记快速指南Mac版</span>  </span></title><topic href="intro.html" data-id="intro"><title>关于为知笔记 </title><shortdesc><p xmlns="http://www.w3.org/1999/xhtml" class="shortdesc">欢迎来到为知笔记快速指南Mac版！</p>
</shortdesc><topicmeta></topicmeta></topic><topic href="start.html" data-id="start"><title>入门</title><topicmeta></topicmeta></topic><topic href="note1.html" data-id="note1"><title>新建笔记文件夹</title><topicmeta></topicmeta></topic><topic href="createnote.html" data-id="createnote"><title>新建笔记</title><topicmeta></topicmeta><topic href="noteempty.html" data-id="noteempty"><title>默认笔记</title><topicmeta></topicmeta></topic><topic href="mdnote.html" data-id="mdnote"><title>Markdown 笔记</title><shortdesc><p xmlns="http://www.w3.org/1999/xhtml" class="shortdesc">您可通过 Markdown 笔记编辑文本格式，并将其转换成 HTML。</p>
</shortdesc><topicmeta></topicmeta></topic></topic><topic href="share%20note.html" data-id="share_note"><title>分享笔记</title><shortdesc><p xmlns="http://www.w3.org/1999/xhtml" class="shortdesc">您可通过以下两种方式分享笔记：</p>
</shortdesc><topicmeta></topicmeta><topic href="sharebyemial.html" data-id="sharebyemial"><title>邮件分享</title><topicmeta></topicmeta></topic><topic href="sharetogroup.html" data-id="sharetogroup"><title>群组分享</title><topicmeta></topicmeta><topic href="groupknowhow.html" data-id="groupknowhow"><title>群组基本功能</title><shortdesc><p xmlns="http://www.w3.org/1999/xhtml" class="shortdesc">请看群组管理基础功能。</p>
</shortdesc><topicmeta></topicmeta></topic></topic></topic><topic href="tagconcept.html" data-id="tagconcept"><title>添加标签</title><shortdesc><p xmlns="http://www.w3.org/1999/xhtml" class="shortdesc">您可通过以下两种方式添加标签：</p>
</shortdesc><topicmeta></topicmeta><topic href="tagtask.html" data-id="tagtask"><title>在界面中添加标签</title><topicmeta></topicmeta></topic><topic href="tagstask2.html" data-id="tagstask2"><title>在编辑时添加标签</title><topicmeta></topicmeta></topic></topic><topic href="search.html" data-id="search"><title>搜索笔记内容</title><shortdesc><p xmlns="http://www.w3.org/1999/xhtml" class="shortdesc">您可通过以下两种方式搜索笔记内容：</p>
</shortdesc><topicmeta></topicmeta><topic href="searchquick.html" data-id="searchquick"><title>快速搜索</title><topicmeta></topicmeta></topic><topic href="searchcustom.html" data-id="searchcustom"><title>高级搜索</title><topicmeta></topicmeta></topic></topic><topic href="restore.html" data-id="restore"><title>恢复已删除笔记</title><shortdesc><p xmlns="http://www.w3.org/1999/xhtml" class="shortdesc">您可恢复已删除笔记。</p>
</shortdesc><topicmeta></topicmeta></topic><topic href="more.html" data-id="more"><title>更多信息</title><topicmeta></topicmeta></topic></toc>