<?xml version="1.0" ?><job><property name="user.input.dir"><string>E:\yeemaa</string></property><property name="plugin.org.dita.odt.dir"><string>plugins/org.dita.odt</string></property><property name="plugin.org.dita.eclipsecontent.dir"><string>plugins/org.dita.eclipsecontent</string></property><property name="plugin.com.oxygenxml.webhelp.common.dir"><string>plugins/com.oxygenxml.webhelp.common</string></property><property name="transtypes"><string>markdown;markdown_github;markdown_gitbook;pdf;pdf2;docx;normalize;metrics-report;webhelp-responsive;exportmap;merged;pdf-css;webhelp;webhelp-feedback;webhelpCommons;webhelp-responsive-preprocess2;tocjs;org.dita-ot.html;docbook;eclipsecontent;xhtml;eclipsehelp;html5;htmlhelp;javahelp;odt;troff;wordrtf;indesign;epub;html2;json;kindle;word2dita</string></property><property name="plugin.org.dita4publishers.common.html.dir"><string>plugins/org.dita4publishers.common.html</string></property><property name="parser.md"><string>com.elovirta.dita.markdown.MarkdownReader</string></property><property name="plugin.org.dita.specialization.dita11.dir"><string>plugins/org.dita.specialization.dita11</string></property><property name="plugin.org.dita.wordrtf.dir"><string>plugins/org.dita.wordrtf</string></property><property name="plugin.org.dita.specialization.eclipsemap.dir"><string>plugins/org.dita.specialization.eclipsemap</string></property><property name="plugin.com.oxygenxml.pdf.custom.dir"><string>plugins/com.oxygenxml.pdf.custom</string></property><property name="plugin.com.oxygenxml.image.float.dir"><string>plugins/com.oxygenxml.image.float</string></property><property name="cli.color"><string>true</string></property><property name="user.input.file"><string>projectsetting\project-setting03.dita</string></property><property name="plugin.org.dita-community.common.mapdriven.dir"><string>plugins/org.dita-community.common.mapdriven</string></property><property name="plugin.org.dita.pdf2.dir"><string>plugins/org.dita.pdf2</string></property><property name="print_transtypes"><string>pdf;pdf2;pdf-css;odt;docx</string></property><property name="onlytopicinmap"><string>false</string></property><property name="plugin.org.dita-ng.dita.relaxng.dir"><string>plugins/org.dita-ng.doctypes</string></property><property name="supported_resource_extensions"><string>.pdf;.swf</string></property><property name="plugin.org.dita.xhtml.dir"><string>plugins/org.dita.xhtml</string></property><property name="plugin.org.dita-community.dita13.html.dir"><string>plugins/org.dita-community.dita13.html</string></property><property name="plugin.org.dita.docbook.dir"><string>plugins/org.dita.docbook</string></property><property name="plugin.org.dita.javahelp.dir"><string>plugins/org.dita.javahelp</string></property><property name="plugin.com.oxygenxml.pdf.review.dir"><string>plugins/com.oxygenxml.pdf.review</string></property><property name="plugin.com.elovirta.ooxml.dir"><string>plugins/com.elovirta.ooxml</string></property><property name="relflagimagelist"><string></string></property><property name="plugin.org.dita-community.preprocess-extensions.dir"><string>plugins/org.dita-community.preprocess-extensions</string></property><property name="supported_html_extensions"><string>.html;.htm</string></property><property name="plugin.order"><string>org.dita.base org.oasis-open.dita.v1_3 org.oasis-open.dita.v1_2</string></property><property name="plugin.com.oxygenxml.html.custom.dir"><string>plugins/com.oxygenxml.html.custom</string></property><property name="supported_image_extensions"><string>.gif;.svg;.bmp;.jpg;.tif;.mml;.mathml;.eps;.jpeg;.png;.tiff</string></property><property name="otrelease"><string>2.5</string></property><property name="plugin.com.oxygenxml.pdf.css.dir"><string>plugins/com.oxygenxml.pdf.css</string></property><property name="InputMapDir"><string>E:\yeemaa\projectsetting\project-setting03.dita</string></property><property name="plugin.com.oxygenxml.dita.metrics.report.dir"><string>plugins/com.oxygenxml.dita.metrics.report</string></property><property name="plugin.org.dita.troff.dir"><string>plugins/org.dita.troff</string></property><property name="plugin.com.sophos.tocjs.dir"><string>plugins/com.sophos.tocjs</string></property><property name="org.dita.pdf2.i18n.enabled"><string>true</string></property><property name="plugin.com.oxygenxml.webhelp.classic.dir"><string>plugins/com.oxygenxml.webhelp.classic</string></property><property name="user.input.dir.uri"><string>file:/E:/yeemaa/</string></property><property name="plugin.org.dita.html5.dir"><string>plugins/org.dita.html5</string></property><property name="generatecopyouter"><string>NOT_GENERATEOUTTER</string></property><property name="default.cascade"><string>merge</string></property><property name="plugin.org.dita.eclipsehelp.dir"><string>plugins/org.dita.eclipsehelp</string></property><property name="plugin.org.dita-community.adjust-copy-to.dir"><string>plugins/org.dita-community.adjust-copy-to</string></property><property name="outputdir"><string>E:\yeemaa\projectsetting\out\pdf-css</string></property><property name="plugin.org.dita.htmlhelp.dir"><string>plugins/org.dita.htmlhelp</string></property><property name="temp-file-name-scheme"><string>org.dita.dost.module.GenMapAndTopicListModule$DefaultTempFileScheme</string></property><property name="plugin.com.github.dita-ot-plugins.normalize.dir"><string>plugins/com.github.dita-ot-plugins.normalize</string></property><property name="plugin.com.oxygenxml.merge.dir"><string>plugins/com.oxygenxml.merged</string></property><property name="plugin.org.dita.base.dir"><string>.</string></property><property name="plugin.org.dita4publishers.html2.dir"><string>plugins/org.dita4publishers.html2</string></property><property name="plugin.com.oxygenxml.editlink.dir"><string>plugins/com.oxygenxml.editlink</string></property><property name="plugindirs"><string>plugins;demo</string></property><property name="plugin.com.elovirta.dita.markdown.dir"><string>plugins/com.elovirta.dita.markdown</string></property><property name="user.input.file.listfile"><string>usr.input.file.list</string></property><property name="plugin.org.dita4publishers.json.dir"><string>plugins/org.dita4publishers.json</string></property><property name="outercontrol"><string>WARN</string></property><property name="plugin.org.dita4publishers.common.mapdriven.dir"><string>plugins/org.dita4publishers.common.mapdriven</string></property><property name="plugin.ignores"><string></string></property><property name="relflagimagefile"><string>relflagimage.list</string></property><property name="plugin.org.dita-community.common.xslt.dir"><string>plugins/org.dita-community.common.xslt</string></property><property name="user.input.file.uri"><string>projectsetting/project-setting03.dita</string></property><property name="plugin.com.oxygenxml.highlight.dir"><string>plugins/com.oxygenxml.highlight</string></property><property name="plugin.org.dita4publishers.dita2indesign.dir"><string>plugins/org.dita4publishers.dita2indesign</string></property><property name="plugin.org.dita4publishers.epub.dir"><string>plugins/org.dita4publishers.epub</string></property><property name="plugin.org.dita-community.dita13.pdf.dir"><string>plugins/org.dita-community.dita13.pdf</string></property><property name="plugin.com.oxygenxml.dost.patches.dir"><string>plugins/com.oxygenxml.dost.patches</string></property><property name="plugin.com.oxygenxml.dita-ot.plugin.mathml.dir"><string>plugins/mathml</string></property><property name="plugin.org.dita.pdf2.axf.dir"><string>plugins/org.dita.pdf2.axf</string></property><property name="plugin.org.oasis-open.dita.v1_2.dir"><string>plugins/org.oasis-open.dita.v1_2</string></property><property name="InputMapDir.uri"><string>file:/E:/yeemaa/projectsetting/project-setting03.dita</string></property><property name="plugin.com.oxygenxml.export.map.dir"><string>plugins/com.oxygenxml.export.map</string></property><property name="plugin.com.oxygenxml.html.embed.dir"><string>plugins/com.oxygenxml.html.embed</string></property><property name="plugin.org.dita4publishers.word2dita.dir"><string>plugins/org.dita4publishers.word2dita</string></property><property name="plugin.org.dita4publishers.common.xslt.dir"><string>plugins/org.dita4publishers.common.xslt</string></property><property name="plugin.org.dita.pdf2.fop.dir"><string>plugins/org.dita.pdf2.fop</string></property><property name="plugin.com.oxygenxml.media.dir"><string>plugins/com.oxygenxml.media</string></property><property name="plugin.org.dita.pdf2.xep.dir"><string>plugins/org.dita.pdf2.xep</string></property><property name="tempdirToinputmapdir.relative.value"><string>projectsetting[\\|/]</string></property><property name="plugin.org.dita-ot.html.dir"><string>plugins/org.dita-ot.html</string></property><property name="plugin.org.dita4publishers.kindle.dir"><string>plugins/org.dita4publishers.kindle</string></property><property name="plugin.com.oxygenxml.webhelp.responsive.dir"><string>plugins/com.oxygenxml.webhelp.responsive</string></property><property name="plugin.org.oasis.xdita.dir"><string>plugins/org.oasis.xdita</string></property><property name="otversion"><string>2.5.4</string></property><property name="plugin.org.oasis-open.dita.v1_3.dir"><string>plugins/org.oasis-open.dita.v1_3</string></property><property name="parser.markdown"><string>com.elovirta.dita.markdown.MarkdownReader</string></property><property name="uplevels"><string>..\</string></property><files><file src="file:/E:/yeemaa/images/projectexport/step3.png" uri="images/projectexport/step3.png" path="images\projectexport\step3.png" result="file:/E:/yeemaa/images/projectexport/step3.png" format="image"></file><file src="file:/E:/yeemaa/images/icon/icon-download.png" uri="images/icon/icon-download.png" path="images\icon\icon-download.png" result="file:/E:/yeemaa/images/icon/icon-download.png" format="image"></file><file src="file:/E:/yeemaa/images/projectexport/step2.png" uri="images/projectexport/step2.png" path="images\projectexport\step2.png" result="file:/E:/yeemaa/images/projectexport/step2.png" format="image"></file><file src="file:/E:/yeemaa/projectsetting/project-setting03.dita" uri="projectsetting/project-setting03.dita" path="projectsetting\project-setting03.dita" result="file:/E:/yeemaa/projectsetting/project-setting03.dita" format="dita" has-link="true" target="true"></file><file src="file:/E:/yeemaa/images/projectexport/step0.png" uri="images/projectexport/step0.png" path="images\projectexport\step0.png" result="file:/E:/yeemaa/images/projectexport/step0.png" format="image"></file><file src="file:/E:/yeemaa/images/projectexport/step1.png" uri="images/projectexport/step1.png" path="images\projectexport\step1.png" result="file:/E:/yeemaa/images/projectexport/step1.png" format="image"></file><file src="file:/E:/yeemaa/images/projectexport/step4.png" uri="images/projectexport/step4.png" path="images\projectexport\step4.png" result="file:/E:/yeemaa/images/projectexport/step4.png" format="image"></file></files></job>