<?xml version="1.0" encoding="UTF-8"?>
<map>
   <appContext helpID="start" path="start.html"/>
   <appContext helpID="concept_dzb_fr1_dgb" path="intro.html"/>
   <appContext helpID="quickstart" path="quickstart/quickstart.html"/>
   <appContext helpID="concept_ikw_slb_dgb" path="shortcuts.html"/>
   <appContext helpID="prepare" path="prepare.html"/>
   <appContext helpID="topic_qfc_gph_dgb" path="NewProject/newproject.html"/>
   <appContext helpID="anp_yh3_dgb" path="NewProject/newproject01.html"/>
   <appContext helpID="ljs_yh3_dgb" path="NewProject/newproject02.html"/>
   <appContext helpID="ejv_yh3_dgb" path="NewProject/newproject03.html"/>
   <appContext helpID="tly_yh3_dgb" path="NewProject/newproject03-1.html"/>
   <appContext helpID="kff_zh3_dgb" path="NewProject/newproject03-2.html"/>
   <appContext helpID="x5g_zh3_dgb" path="NewProject/newproject03-3.html"/>
   <appContext helpID="omj_zh3_dgb" path="NewProject/newproject03-4.html"/>
   <appContext helpID="ejm_zh3_dgb" path="NewProject/newproject04.html"/>
   <appContext helpID="concept_hbt_gkc_dgb" path="projectsetting/project-setting.html"/>
   <appContext helpID="other_function00" path="projectsetting/project-setting01.html"/>
   <appContext helpID="other_function00" path="projectsetting/project-setting02.html"/>
   <appContext helpID="other_function00" path="projectsetting/project-setting03.html"/>
   <appContext helpID="concept_hbt_gkc_dgb" path="commonoperation/commonoperation.html"/>
   <appContext helpID="concept_hbt_gkc_dgb" path="commonoperation/text_edit/text_edit.html"/>
   <appContext helpID="other_function00" path="commonoperation/text_edit/text_edit01.html"/>
   <appContext helpID="other_function00" path="commonoperation/text_edit/text_edit02.html"/>
   <appContext helpID="other_function00" path="commonoperation/text_edit/text_edit03.html"/>
   <appContext helpID="concept_hbt_gkc_dgb"
               path="commonoperation/source_edit/source_edit.html"/>
   <appContext helpID="other_function11" path="commonoperation/source_edit/source_edit02.html"/>
   <appContext helpID="other_function00" path="commonoperation/source_edit/source_edit01.html"/>
   <appContext helpID="concept_hbt_gkc_dgb"
               path="commonoperation/search_and_replace/search_and_replace.html"/>
   <appContext helpID="other_function00"
               path="commonoperation/search_and_replace/search_and_replace01.html"/>
   <appContext helpID="other_function11"
               path="commonoperation/search_and_replace/search_and_replace02.html"/>
   <appContext helpID="other_function02"
               path="commonoperation/search_and_replace/search_and_replace03.html"/>
   <appContext helpID="other_function02" path="commonoperation/filter.html"/>
   <appContext helpID="other_function02" path="commonoperation/preview.html"/>
   <appContext helpID="QAcheck" path="commonoperation/QAcheck.html"/>
   <appContext helpID="QAcheck01" path="commonoperation/QAcheck01.html"/>
   <appContext helpID="QAcheck02" path="commonoperation/QAcheck02.html"/>
   <appContext helpID="concept_evw_g52_dgb" path="commonoperation/term_setting.html"/>
   <appContext helpID="task_npn_2x2_dgb" path="commonoperation/term_setting01.html"/>
   <appContext helpID="term_setting02" path="commonoperation/term_setting02.html"/>
   <appContext helpID="term_setting03" path="commonoperation/term_setting03.html"/>
   <appContext helpID="concept_hbt_gkc_dgb" path="otherfunctions/other_function.html"/>
   <appContext helpID="other_function00" path="otherfunctions/other_function00.html"/>
   <appContext helpID="other_function11" path="otherfunctions/other_function01.html"/>
   <appContext helpID="other_function02" path="otherfunctions/other_function02.html"/>
   <appContext helpID="display_setting" path="commonoperation/display_setting.html"/>
   <appContext helpID="task_nkz_3h2_dgb" path="commonoperation/display_setting01.html"/>
   <appContext helpID="display_setting02" path="commonoperation/display_setting02.html"/>
   <appContext helpID="faqs" path="FAQs/faqs.html"/>
</map>