<?xml version="1.0" encoding="UTF-8"?><toc xmlns:toc="http://www.oxygenxml.com/ns/webhelp/toc" xmlns="http://www.oxygenxml.com/ns/webhelp/toc" xmlns:xhtml="http://www.w3.org/1999/xhtml">
   <title><span xmlns="http://www.w3.org/1999/xhtml" class="title">译马网指南</span></title>
   <topic href="start.html" data-id="start" wh-toc-id="start-d46e11">
      <title>开始使用译马网</title>
      <shortdesc>
         <p xmlns="http://www.w3.org/1999/xhtml" class="shortdesc">欢迎使用译马网个人版！</p>
      </shortdesc>
      <topicmeta>
         <resourceid class="- topic/resourceid " oxy-source="topic" appid="start"></resourceid>
         <navtitle class="- topic/navtitle ">开始使用译马网</navtitle><?ditaot gentext?>
         <linktext class="- map/linktext ">开始使用译马网</linktext><?ditaot genshortdesc?>
         <shortdesc class="- map/shortdesc ">欢迎使用译马网个人版！</shortdesc>
      </topicmeta>
      <topic href="intro.html" data-id="concept_dzb_fr1_dgb" wh-toc-id="concept_dzb_fr1_dgb-d46e22">
         <title>个人版简介</title>
         <shortdesc>
            <p xmlns="http://www.w3.org/1999/xhtml" class="shortdesc">译马网是专业译者在线工作平台，支持使用海量语料库和机器翻译，拥有持续稳定的翻译订单。</p>
         </shortdesc>
         <topicmeta>
            <resourceid class="- topic/resourceid " oxy-source="topic" appid="concept_dzb_fr1_dgb"></resourceid>
            <navtitle class="- topic/navtitle ">个人版简介</navtitle><?ditaot gentext?>
            <linktext class="- map/linktext ">个人版简介</linktext><?ditaot genshortdesc?>
            <shortdesc class="- map/shortdesc ">译马网是专业译者在线工作平台，支持使用海量语料库和机器翻译，拥有持续稳定的翻译订单。</shortdesc>
         </topicmeta>
      </topic>
      <topic href="quickstart/quickstart.html" data-id="quickstart" wh-toc-id="quickstart-d46e33">
         <title>快速入门</title>
         <shortdesc>
            <p xmlns="http://www.w3.org/1999/xhtml" class="shortdesc">您可以从了解译马网平台的基本流程开始快速入门。</p>
         </shortdesc>
         <topicmeta>
            <resourceid class="- topic/resourceid " oxy-source="topic" appid="quickstart"></resourceid>
            <navtitle class="- topic/navtitle ">快速入门</navtitle><?ditaot gentext?>
            <linktext class="- map/linktext ">快速入门</linktext><?ditaot genshortdesc?>
            <shortdesc class="- map/shortdesc ">您可以从了解译马网平台的基本流程开始快速入门。</shortdesc>
         </topicmeta>
      </topic>
      <topic href="shortcuts.html" data-id="concept_ikw_slb_dgb" wh-toc-id="concept_ikw_slb_dgb-d46e44">
         <title>常用快捷键</title>
         <shortdesc>
            <p xmlns="http://www.w3.org/1999/xhtml" class="shortdesc">在翻译文件时常用的快捷键。</p>
         </shortdesc>
         <topicmeta>
            <resourceid class="- topic/resourceid " oxy-source="topic" appid="concept_ikw_slb_dgb"></resourceid>
            <navtitle class="- topic/navtitle ">常用快捷键</navtitle><?ditaot gentext?>
            <linktext class="- map/linktext ">常用快捷键</linktext><?ditaot genshortdesc?>
            <shortdesc class="- map/shortdesc ">在翻译文件时常用的快捷键。</shortdesc>
         </topicmeta>
      </topic>
   </topic>
   <topic href="prepare.html" data-id="prepare" wh-toc-id="prepare-d46e56">
      <title>准备翻译</title>
      <shortdesc>
         <p xmlns="http://www.w3.org/1999/xhtml" class="shortdesc">翻译之前您需要……</p>
      </shortdesc>
      <topicmeta>
         <resourceid class="- topic/resourceid " oxy-source="topic" appid="prepare"></resourceid>
         <navtitle class="- topic/navtitle ">准备翻译</navtitle><?ditaot gentext?>
         <linktext class="- map/linktext ">准备翻译</linktext><?ditaot genshortdesc?>
         <shortdesc class="- map/shortdesc ">翻译之前您需要……</shortdesc>
      </topicmeta>
      <topic href="NewProject/newproject.html" data-id="topic_qfc_gph_dgb" wh-toc-id="topic_qfc_gph_dgb-d46e67">
         <title>创建项目</title>
         <shortdesc>
            <p xmlns="http://www.w3.org/1999/xhtml" class="shortdesc">注册并登陆译马网后，您可以快速创建项目。</p>
         </shortdesc>
         <topicmeta>
            <resourceid class="- topic/resourceid " oxy-source="topic" appid="topic_qfc_gph_dgb"></resourceid>
            <navtitle class="- topic/navtitle ">创建项目</navtitle><?ditaot gentext?>
            <linktext class="- map/linktext ">创建项目</linktext><?ditaot genshortdesc?>
            <shortdesc class="- map/shortdesc ">注册并登陆译马网后，您可以快速创建项目。</shortdesc>
         </topicmeta>
         <topic href="NewProject/newproject01.html" data-id="anp_yh3_dgb" wh-toc-id="anp_yh3_dgb-d46e78">
            <title>上传待翻译文件</title>
            <shortdesc>
               <p xmlns="http://www.w3.org/1999/xhtml" class="shortdesc"></p>
            </shortdesc>
            <topicmeta>
               <resourceid class="- topic/resourceid " oxy-source="topic" appid="anp_yh3_dgb"></resourceid>
               <navtitle class="- topic/navtitle ">上传待翻译文件</navtitle><?ditaot gentext?>
               <linktext class="- map/linktext ">上传待翻译文件</linktext><?ditaot genshortdesc?>
               <shortdesc class="- map/shortdesc "></shortdesc>
            </topicmeta>
         </topic>
         <topic href="NewProject/newproject02.html" data-id="ljs_yh3_dgb" wh-toc-id="ljs_yh3_dgb-d46e88">
            <title>填写项目信息</title>
            <shortdesc>
               <p xmlns="http://www.w3.org/1999/xhtml" class="shortdesc"></p>
            </shortdesc>
            <topicmeta>
               <resourceid class="- topic/resourceid " oxy-source="topic" appid="ljs_yh3_dgb"></resourceid>
               <navtitle class="- topic/navtitle ">填写项目信息</navtitle><?ditaot gentext?>
               <linktext class="- map/linktext ">填写项目信息</linktext><?ditaot genshortdesc?>
               <shortdesc class="- map/shortdesc "></shortdesc>
            </topicmeta>
         </topic>
         <topic href="NewProject/newproject03.html" data-id="ejv_yh3_dgb" wh-toc-id="ejv_yh3_dgb-d46e98">
            <title>选择翻译工具</title>
            <shortdesc>
               <p xmlns="http://www.w3.org/1999/xhtml" class="shortdesc"></p>
            </shortdesc>
            <topicmeta>
               <resourceid class="- topic/resourceid " oxy-source="topic" appid="ejv_yh3_dgb"></resourceid>
               <navtitle class="- topic/navtitle ">选择翻译工具</navtitle><?ditaot gentext?>
               <linktext class="- map/linktext ">选择翻译工具</linktext><?ditaot genshortdesc?>
               <shortdesc class="- map/shortdesc "></shortdesc>
            </topicmeta>
            <topic href="NewProject/newproject03-1.html" data-id="tly_yh3_dgb" wh-toc-id="tly_yh3_dgb-d46e108">
               <title>选择机器翻译工具</title>
               <topicmeta>
                  <resourceid class="- topic/resourceid " oxy-source="topic" appid="tly_yh3_dgb"></resourceid>
                  <navtitle class="- topic/navtitle ">选择机器翻译工具</navtitle><?ditaot gentext?>
                  <linktext class="- map/linktext ">选择机器翻译工具</linktext>
               </topicmeta>
            </topic>
            <topic href="NewProject/newproject03-2.html" data-id="kff_zh3_dgb" wh-toc-id="kff_zh3_dgb-d46e116">
               <title>选择术语库</title>
               <shortdesc>
                  <p xmlns="http://www.w3.org/1999/xhtml" class="shortdesc">您可以根据需要选择创建使用一个或多个术语库，但只能将其中一个术语库设置为QA库（启用了“QA”选项的库），在QA（低错检查）过程中检查术语的正确性和一致性。 </p>
               </shortdesc>
               <topicmeta>
                  <resourceid class="- topic/resourceid " oxy-source="topic" appid="kff_zh3_dgb"></resourceid>
                  <navtitle class="- topic/navtitle ">选择术语库</navtitle><?ditaot gentext?>
                  <linktext class="- map/linktext ">选择术语库</linktext><?ditaot genshortdesc?>
                  <shortdesc class="- map/shortdesc ">您可以根据需要选择创建使用一个或多个术语库，但只能将其中一个术语库设置为QA库（启用了“QA”选项的库），在QA（低错检查）过程中检查术语的正确性和一致性。 </shortdesc>
               </topicmeta>
            </topic>
            <topic href="NewProject/newproject03-3.html" data-id="x5g_zh3_dgb" wh-toc-id="x5g_zh3_dgb-d46e127">
               <title>选择个人记忆库</title>
               <shortdesc>
                  <p xmlns="http://www.w3.org/1999/xhtml" class="shortdesc">您可以根据需要选择创建使用一个或多个记忆库，但只能将其中一个记忆库设置为更新库（启用了“更新”选项的库），该记忆库用于保存本项目新产生的语料。</p>
               </shortdesc>
               <topicmeta>
                  <resourceid class="- topic/resourceid " oxy-source="topic" appid="x5g_zh3_dgb"></resourceid>
                  <navtitle class="- topic/navtitle ">选择个人记忆库</navtitle><?ditaot gentext?>
                  <linktext class="- map/linktext ">选择个人记忆库</linktext><?ditaot genshortdesc?>
                  <shortdesc class="- map/shortdesc ">您可以根据需要选择创建使用一个或多个记忆库，但只能将其中一个记忆库设置为更新库（启用了“更新”选项的库），该记忆库用于保存本项目新产生的语料。</shortdesc>
               </topicmeta>
            </topic>
            <topic href="NewProject/newproject03-4.html" data-id="omj_zh3_dgb" wh-toc-id="omj_zh3_dgb-d46e138">
               <title>选择共享记忆库</title>
               <topicmeta>
                  <resourceid class="- topic/resourceid " oxy-source="topic" appid="omj_zh3_dgb"></resourceid>
                  <navtitle class="- topic/navtitle ">选择共享记忆库</navtitle><?ditaot gentext?>
                  <linktext class="- map/linktext ">选择共享记忆库</linktext>
               </topicmeta>
            </topic>
         </topic>
         <topic href="NewProject/newproject04.html" data-id="ejm_zh3_dgb" wh-toc-id="ejm_zh3_dgb-d46e146">
            <title>预翻</title>
            <shortdesc>
               <p xmlns="http://www.w3.org/1999/xhtml" class="shortdesc"></p>
            </shortdesc>
            <topicmeta>
               <resourceid class="- topic/resourceid " oxy-source="topic" appid="ejm_zh3_dgb"></resourceid>
               <navtitle class="- topic/navtitle ">预翻</navtitle><?ditaot gentext?>
               <linktext class="- map/linktext ">预翻</linktext><?ditaot genshortdesc?>
               <shortdesc class="- map/shortdesc "></shortdesc>
            </topicmeta>
         </topic>
      </topic>
      <topic href="projectsetting/project-setting.html" data-id="concept_hbt_gkc_dgb" wh-toc-id="concept_hbt_gkc_dgb-d46e156">
         <title>项目设置</title>
         <shortdesc>
            <p xmlns="http://www.w3.org/1999/xhtml" class="shortdesc">了解已创建好的项目的一些具体的参数管理功能，帮助您更加的熟练地管理自己的翻译任务。</p>
         </shortdesc>
         <topicmeta>
            <resourceid class="- topic/resourceid " oxy-source="topic" appid="concept_hbt_gkc_dgb"></resourceid>
            <navtitle class="- topic/navtitle ">项目设置</navtitle><?ditaot gentext?>
            <linktext class="- map/linktext ">项目设置</linktext><?ditaot genshortdesc?>
            <shortdesc class="- map/shortdesc ">了解已创建好的项目的一些具体的参数管理功能，帮助您更加的熟练地管理自己的翻译任务。</shortdesc>
         </topicmeta>
         <topic href="projectsetting/project-setting01.html" data-id="other_function00" wh-toc-id="other_function00-d46e167">
            <title>新增翻译文件</title>
            <shortdesc>
               <p xmlns="http://www.w3.org/1999/xhtml" class="shortdesc">临时增加的翻译任务文件。</p>
            </shortdesc>
            <topicmeta>
               <resourceid class="- topic/resourceid " oxy-source="topic" appid="other_function00"></resourceid>
               <navtitle class="- topic/navtitle ">新增翻译文件</navtitle><?ditaot gentext?>
               <linktext class="- map/linktext ">新增翻译文件</linktext><?ditaot genshortdesc?>
               <shortdesc class="- map/shortdesc ">临时增加的翻译任务文件。</shortdesc>
            </topicmeta>
         </topic>
         <topic href="projectsetting/project-setting02.html" data-id="other_function00" wh-toc-id="other_function00-d46e178">
            <title>更改记忆库和术语库设置</title>
            <shortdesc>
               <p xmlns="http://www.w3.org/1999/xhtml" class="shortdesc">管理已有或添加新的翻译记忆库与术语库。</p>
            </shortdesc>
            <topicmeta>
               <resourceid class="- topic/resourceid " oxy-source="topic" appid="other_function00"></resourceid>
               <navtitle class="- topic/navtitle ">更改记忆库和术语库设置</navtitle><?ditaot gentext?>
               <linktext class="- map/linktext ">更改记忆库和术语库设置</linktext><?ditaot genshortdesc?>
               <shortdesc class="- map/shortdesc ">管理已有或添加新的翻译记忆库与术语库。</shortdesc>
            </topicmeta>
         </topic>
         <topic href="projectsetting/project-setting03.html" data-id="other_function00" wh-toc-id="other_function00-d46e189">
            <title>项目导出设置</title>
            <shortdesc>
               <p xmlns="http://www.w3.org/1999/xhtml" class="shortdesc">导出最终的翻译结果。</p>
            </shortdesc>
            <topicmeta>
               <resourceid class="- topic/resourceid " oxy-source="topic" appid="other_function00"></resourceid>
               <navtitle class="- topic/navtitle ">项目导出设置</navtitle><?ditaot gentext?>
               <linktext class="- map/linktext ">项目导出设置</linktext><?ditaot genshortdesc?>
               <shortdesc class="- map/shortdesc ">导出最终的翻译结果。</shortdesc>
            </topicmeta>
         </topic>
      </topic>
   </topic>
   <topic href="commonoperation/commonoperation.html" data-id="concept_hbt_gkc_dgb" wh-toc-id="concept_hbt_gkc_dgb-d46e201">
      <title>开始翻译</title>
      <shortdesc>
         <p xmlns="http://www.w3.org/1999/xhtml" class="shortdesc">开始利用译马网辅助翻译！翻译过程中的这些常见操作可以让您提高工作效率。</p>
      </shortdesc>
      <topicmeta>
         <resourceid class="- topic/resourceid " oxy-source="topic" appid="concept_hbt_gkc_dgb"></resourceid>
         <navtitle class="- topic/navtitle ">开始翻译</navtitle><?ditaot gentext?>
         <linktext class="- map/linktext ">开始翻译</linktext><?ditaot genshortdesc?>
         <shortdesc class="- map/shortdesc ">开始利用译马网辅助翻译！翻译过程中的这些常见操作可以让您提高工作效率。</shortdesc>
      </topicmeta>
      <topic href="commonoperation/text_edit/text_edit.html" data-id="concept_hbt_gkc_dgb" wh-toc-id="concept_hbt_gkc_dgb-d46e212">
         <title>译文与格式编辑</title>
         <shortdesc>
            <p xmlns="http://www.w3.org/1999/xhtml" class="shortdesc">翻译准备工作中对文本所做的一些修改，包括对文字格式的编辑以及对译文的修改。</p>
         </shortdesc>
         <topicmeta>
            <resourceid class="- topic/resourceid " oxy-source="topic" appid="concept_hbt_gkc_dgb"></resourceid>
            <navtitle class="- topic/navtitle ">译文与格式编辑</navtitle><?ditaot gentext?>
            <linktext class="- map/linktext ">译文与格式编辑</linktext><?ditaot genshortdesc?>
            <shortdesc class="- map/shortdesc ">翻译准备工作中对文本所做的一些修改，包括对文字格式的编辑以及对译文的修改。</shortdesc>
         </topicmeta>
         <topic href="commonoperation/text_edit/text_edit01.html" data-id="other_function00" wh-toc-id="other_function00-d46e223">
            <title>格式编辑</title>
            <shortdesc>
               <p xmlns="http://www.w3.org/1999/xhtml" class="shortdesc">您可以根据需要对原文和译文的文字做一些格式上的修改。</p>
            </shortdesc>
            <topicmeta>
               <resourceid class="- topic/resourceid " oxy-source="topic" appid="other_function00"></resourceid>
               <navtitle class="- topic/navtitle ">格式编辑</navtitle><?ditaot gentext?>
               <linktext class="- map/linktext ">格式编辑</linktext><?ditaot genshortdesc?>
               <shortdesc class="- map/shortdesc ">您可以根据需要对原文和译文的文字做一些格式上的修改。</shortdesc>
            </topicmeta>
         </topic>
         <topic href="commonoperation/text_edit/text_edit02.html" data-id="other_function00" wh-toc-id="other_function00-d46e234">
            <title>复制原文到译文</title>
            <shortdesc>
               <p xmlns="http://www.w3.org/1999/xhtml" class="shortdesc">快速将原文复制到译文栏。</p>
            </shortdesc>
            <topicmeta>
               <resourceid class="- topic/resourceid " oxy-source="topic" appid="other_function00"></resourceid>
               <navtitle class="- topic/navtitle ">复制原文到译文</navtitle><?ditaot gentext?>
               <linktext class="- map/linktext ">复制原文到译文</linktext><?ditaot genshortdesc?>
               <shortdesc class="- map/shortdesc ">快速将原文复制到译文栏。</shortdesc>
            </topicmeta>
         </topic>
         <topic href="commonoperation/text_edit/text_edit03.html" data-id="other_function00" wh-toc-id="other_function00-d46e245">
            <title>清除译文</title>
            <shortdesc>
               <p xmlns="http://www.w3.org/1999/xhtml" class="shortdesc">快速清除译文。</p>
            </shortdesc>
            <topicmeta>
               <resourceid class="- topic/resourceid " oxy-source="topic" appid="other_function00"></resourceid>
               <navtitle class="- topic/navtitle ">清除译文</navtitle><?ditaot gentext?>
               <linktext class="- map/linktext ">清除译文</linktext><?ditaot genshortdesc?>
               <shortdesc class="- map/shortdesc ">快速清除译文。</shortdesc>
            </topicmeta>
         </topic>
      </topic>
      <topic href="commonoperation/source_edit/source_edit.html" data-id="concept_hbt_gkc_dgb" wh-toc-id="concept_hbt_gkc_dgb-d46e256">
         <title>编辑原文</title>
         <shortdesc>
            <p xmlns="http://www.w3.org/1999/xhtml" class="shortdesc">对原文的编辑可以帮助您提高翻译质量。</p>
         </shortdesc>
         <topicmeta>
            <resourceid class="- topic/resourceid " oxy-source="topic" appid="concept_hbt_gkc_dgb"></resourceid>
            <navtitle class="- topic/navtitle ">编辑原文</navtitle><?ditaot gentext?>
            <linktext class="- map/linktext ">编辑原文</linktext><?ditaot genshortdesc?>
            <shortdesc class="- map/shortdesc ">对原文的编辑可以帮助您提高翻译质量。</shortdesc>
         </topicmeta>
         <topic href="commonoperation/source_edit/source_edit02.html" data-id="other_function11" wh-toc-id="other_function11-d46e267">
            <title>编辑原文</title>
            <shortdesc>
               <p xmlns="http://www.w3.org/1999/xhtml" class="shortdesc">导入平台的文件中部分原文可能出现错误，这时需要通过编辑原文来修改。</p>
            </shortdesc>
            <topicmeta>
               <resourceid class="- topic/resourceid " oxy-source="topic" appid="other_function11"></resourceid>
               <navtitle class="- topic/navtitle ">编辑原文</navtitle><?ditaot gentext?>
               <linktext class="- map/linktext ">编辑原文</linktext><?ditaot genshortdesc?>
               <shortdesc class="- map/shortdesc ">导入平台的文件中部分原文可能出现错误，这时需要通过编辑原文来修改。</shortdesc>
            </topicmeta>
         </topic>
         <topic href="commonoperation/source_edit/source_edit01.html" data-id="other_function00" wh-toc-id="other_function00-d46e278">
            <title>合并和拆分句段</title>
            <shortdesc>
               <p xmlns="http://www.w3.org/1999/xhtml" class="shortdesc">您可以通过合并和拆分句段来调整断句不合理的情况。</p>
            </shortdesc>
            <topicmeta>
               <resourceid class="- topic/resourceid " oxy-source="topic" appid="other_function00"></resourceid>
               <navtitle class="- topic/navtitle ">合并和拆分句段</navtitle><?ditaot gentext?>
               <linktext class="- map/linktext ">合并和拆分句段</linktext><?ditaot genshortdesc?>
               <shortdesc class="- map/shortdesc ">您可以通过合并和拆分句段来调整断句不合理的情况。</shortdesc>
            </topicmeta>
         </topic>
      </topic>
      <topic href="commonoperation/search_and_replace/search_and_replace.html" data-id="concept_hbt_gkc_dgb" wh-toc-id="concept_hbt_gkc_dgb-d46e289">
         <title>搜索与替换</title>
         <shortdesc>
            <p xmlns="http://www.w3.org/1999/xhtml" class="shortdesc">翻译长文档时，对原文、译文和语料的快速搜索、批量替换可以帮助您提高工作效率。</p>
         </shortdesc>
         <topicmeta>
            <resourceid class="- topic/resourceid " oxy-source="topic" appid="concept_hbt_gkc_dgb"></resourceid>
            <navtitle class="- topic/navtitle ">搜索与替换</navtitle><?ditaot gentext?>
            <linktext class="- map/linktext ">搜索与替换</linktext><?ditaot genshortdesc?>
            <shortdesc class="- map/shortdesc ">翻译长文档时，对原文、译文和语料的快速搜索、批量替换可以帮助您提高工作效率。</shortdesc>
         </topicmeta>
         <topic href="commonoperation/search_and_replace/search_and_replace01.html" data-id="other_function00" wh-toc-id="other_function00-d46e300">
            <title>搜索原文与译文</title>
            <shortdesc>
               <p xmlns="http://www.w3.org/1999/xhtml" class="shortdesc">在工具栏的搜索框中可完成对译文和原文的分别检索。</p>
            </shortdesc>
            <topicmeta>
               <resourceid class="- topic/resourceid " oxy-source="topic" appid="other_function00"></resourceid>
               <navtitle class="- topic/navtitle ">搜索原文与译文</navtitle><?ditaot gentext?>
               <linktext class="- map/linktext ">搜索原文与译文</linktext><?ditaot genshortdesc?>
               <shortdesc class="- map/shortdesc ">在工具栏的搜索框中可完成对译文和原文的分别检索。</shortdesc>
            </topicmeta>
         </topic>
         <topic href="commonoperation/search_and_replace/search_and_replace02.html" data-id="other_function11" wh-toc-id="other_function11-d46e311">
            <title>查找与替换译文</title>
            <shortdesc>
               <p xmlns="http://www.w3.org/1999/xhtml" class="shortdesc">批量替换译文内容，有助于保持译文的一致性。</p>
            </shortdesc>
            <topicmeta>
               <resourceid class="- topic/resourceid " oxy-source="topic" appid="other_function11"></resourceid>
               <navtitle class="- topic/navtitle ">查找与替换译文</navtitle><?ditaot gentext?>
               <linktext class="- map/linktext ">查找与替换译文</linktext><?ditaot genshortdesc?>
               <shortdesc class="- map/shortdesc ">批量替换译文内容，有助于保持译文的一致性。</shortdesc>
            </topicmeta>
         </topic>
         <topic href="commonoperation/search_and_replace/search_and_replace03.html" data-id="other_function02" wh-toc-id="other_function02-d46e322">
            <title>语料搜索</title>
            <shortdesc>
               <p xmlns="http://www.w3.org/1999/xhtml" class="shortdesc">语料搜索包含记忆库和术语库搜索，对语料库的搜索可快速让您找到正确的翻译。</p>
            </shortdesc>
            <topicmeta>
               <resourceid class="- topic/resourceid " oxy-source="topic" appid="other_function02"></resourceid>
               <navtitle class="- topic/navtitle ">语料搜索</navtitle><?ditaot gentext?>
               <linktext class="- map/linktext ">语料搜索</linktext><?ditaot genshortdesc?>
               <shortdesc class="- map/shortdesc ">语料搜索包含记忆库和术语库搜索，对语料库的搜索可快速让您找到正确的翻译。</shortdesc>
            </topicmeta>
         </topic>
      </topic>
      <topic href="commonoperation/filter.html" data-id="other_function02" wh-toc-id="other_function02-d46e333">
         <title>筛选句段</title>
         <shortdesc>
            <p xmlns="http://www.w3.org/1999/xhtml" class="shortdesc">快速查找符合条件的句段，提高工作效率。</p>
         </shortdesc>
         <topicmeta>
            <resourceid class="- topic/resourceid " oxy-source="topic" appid="other_function02"></resourceid>
            <navtitle class="- topic/navtitle ">筛选句段</navtitle><?ditaot gentext?>
            <linktext class="- map/linktext ">筛选句段</linktext><?ditaot genshortdesc?>
            <shortdesc class="- map/shortdesc ">快速查找符合条件的句段，提高工作效率。</shortdesc>
         </topicmeta>
      </topic>
      <topic href="commonoperation/preview.html" data-id="other_function02" wh-toc-id="other_function02-d46e344">
         <title>预览原文</title>
         <shortdesc>
            <p xmlns="http://www.w3.org/1999/xhtml" class="shortdesc">翻译界面上原文被拆分成句子形式，个别情况下会影响译员对原文的理解，通过预览原文功能可以再现原文，便于理解翻译。</p>
         </shortdesc>
         <topicmeta>
            <resourceid class="- topic/resourceid " oxy-source="topic" appid="other_function02"></resourceid>
            <navtitle class="- topic/navtitle ">预览原文</navtitle><?ditaot gentext?>
            <linktext class="- map/linktext ">预览原文</linktext><?ditaot genshortdesc?>
            <shortdesc class="- map/shortdesc ">翻译界面上原文被拆分成句子形式，个别情况下会影响译员对原文的理解，通过预览原文功能可以再现原文，便于理解翻译。</shortdesc>
         </topicmeta>
      </topic>
      <topic href="commonoperation/QAcheck.html" data-id="QAcheck" wh-toc-id="QAcheck-d46e355">
         <title>QA检查</title>
         <shortdesc>
            <p xmlns="http://www.w3.org/1999/xhtml" class="shortdesc">QA 检查，即低错检查，包括数字错误、术语错误、标点错误、格式错误、拼写错误、漏译以及译文不一致等。</p>
         </shortdesc>
         <topicmeta>
            <resourceid class="- topic/resourceid " oxy-source="topic" appid="QAcheck"></resourceid>
            <navtitle class="- topic/navtitle ">QA检查</navtitle><?ditaot gentext?>
            <linktext class="- map/linktext ">QA检查</linktext><?ditaot genshortdesc?>
            <shortdesc class="- map/shortdesc ">QA 检查，即低错检查，包括数字错误、术语错误、标点错误、格式错误、拼写错误、漏译以及译文不一致等。</shortdesc>
         </topicmeta>
         <topic href="commonoperation/QAcheck01.html" data-id="QAcheck01" wh-toc-id="QAcheck01-d46e366">
            <title>自动QA</title>
            <shortdesc>
               <p xmlns="http://www.w3.org/1999/xhtml" class="shortdesc">自动QA即系统自动对当前句段的译文进行低错检查。</p>
            </shortdesc>
            <topicmeta>
               <resourceid class="- topic/resourceid " oxy-source="topic" appid="QAcheck01"></resourceid>
               <navtitle class="- topic/navtitle ">自动QA</navtitle><?ditaot gentext?>
               <linktext class="- map/linktext ">自动QA</linktext><?ditaot genshortdesc?>
               <shortdesc class="- map/shortdesc ">自动QA即系统自动对当前句段的译文进行低错检查。</shortdesc>
            </topicmeta>
         </topic>
         <topic href="commonoperation/QAcheck02.html" data-id="QAcheck02" wh-toc-id="QAcheck02-d46e377">
            <title>手动QA</title>
            <shortdesc>
               <p xmlns="http://www.w3.org/1999/xhtml" class="shortdesc">翻译完成后可人工对全文进行QA检查。</p>
            </shortdesc>
            <topicmeta>
               <resourceid class="- topic/resourceid " oxy-source="topic" appid="QAcheck02"></resourceid>
               <navtitle class="- topic/navtitle ">手动QA</navtitle><?ditaot gentext?>
               <linktext class="- map/linktext ">手动QA</linktext><?ditaot genshortdesc?>
               <shortdesc class="- map/shortdesc ">翻译完成后可人工对全文进行QA检查。</shortdesc>
            </topicmeta>
         </topic>
      </topic>
      <topic href="commonoperation/term_setting.html" data-id="concept_evw_g52_dgb" wh-toc-id="concept_evw_g52_dgb-d46e388">
         <title>更新QA术语库</title>
         <shortdesc>
            <p xmlns="http://www.w3.org/1999/xhtml" class="shortdesc">如果项目翻译工具设置了术语库并指定为QA术语库，译员在翻译时可对术语库进行更新。QA术语库用于保存新添加的术语和检查术语一致性。</p>
         </shortdesc>
         <topicmeta>
            <resourceid class="- topic/resourceid " oxy-source="topic" appid="concept_evw_g52_dgb"></resourceid>
            <navtitle class="- topic/navtitle ">更新QA术语库</navtitle><?ditaot gentext?>
            <linktext class="- map/linktext ">更新QA术语库</linktext><?ditaot genshortdesc?>
            <shortdesc class="- map/shortdesc ">如果项目翻译工具设置了术语库并指定为QA术语库，译员在翻译时可对术语库进行更新。QA术语库用于保存新添加的术语和检查术语一致性。</shortdesc>
         </topicmeta>
         <topic href="commonoperation/term_setting01.html" data-id="task_npn_2x2_dgb" wh-toc-id="task_npn_2x2_dgb-d46e399">
            <title>添加术语</title>
            <shortdesc>
               <p xmlns="http://www.w3.org/1999/xhtml" class="shortdesc"></p>
            </shortdesc>
            <topicmeta>
               <resourceid class="- topic/resourceid " oxy-source="topic" appid="task_npn_2x2_dgb"></resourceid>
               <navtitle class="- topic/navtitle ">添加术语</navtitle><?ditaot gentext?>
               <linktext class="- map/linktext ">添加术语</linktext><?ditaot genshortdesc?>
               <shortdesc class="- map/shortdesc "></shortdesc>
            </topicmeta>
         </topic>
         <topic href="commonoperation/term_setting02.html" data-id="term_setting02" wh-toc-id="term_setting02-d46e409">
            <title>修改和删除术语</title>
            <shortdesc>
               <p xmlns="http://www.w3.org/1999/xhtml" class="shortdesc"></p>
            </shortdesc>
            <topicmeta>
               <resourceid class="- topic/resourceid " oxy-source="topic" appid="term_setting02"></resourceid>
               <navtitle class="- topic/navtitle ">修改和删除术语</navtitle><?ditaot gentext?>
               <linktext class="- map/linktext ">修改和删除术语</linktext><?ditaot genshortdesc?>
               <shortdesc class="- map/shortdesc "></shortdesc>
            </topicmeta>
         </topic>
         <topic href="commonoperation/term_setting03.html" data-id="term_setting03" wh-toc-id="term_setting03-d46e419">
            <title>删除术语</title>
            <shortdesc>
               <p xmlns="http://www.w3.org/1999/xhtml" class="shortdesc"></p>
            </shortdesc>
            <topicmeta>
               <resourceid class="- topic/resourceid " oxy-source="topic" appid="term_setting03"></resourceid>
               <navtitle class="- topic/navtitle ">删除术语</navtitle><?ditaot gentext?>
               <linktext class="- map/linktext ">删除术语</linktext><?ditaot genshortdesc?>
               <shortdesc class="- map/shortdesc "></shortdesc>
            </topicmeta>
         </topic>
      </topic>
      <topic href="otherfunctions/other_function.html" data-id="concept_hbt_gkc_dgb" wh-toc-id="concept_hbt_gkc_dgb-d46e429">
         <title>与其他项目人员合作</title>
         <shortdesc>
            <p xmlns="http://www.w3.org/1999/xhtml" class="shortdesc">当您与其他项目人员合作时，通过添加备注等功能帮助您高效完成翻译项目。</p>
         </shortdesc>
         <topicmeta>
            <resourceid class="- topic/resourceid " oxy-source="topic" appid="concept_hbt_gkc_dgb"></resourceid>
            <navtitle class="- topic/navtitle ">与其他项目人员合作</navtitle><?ditaot gentext?>
            <linktext class="- map/linktext ">与其他项目人员合作</linktext><?ditaot genshortdesc?>
            <shortdesc class="- map/shortdesc ">当您与其他项目人员合作时，通过添加备注等功能帮助您高效完成翻译项目。</shortdesc>
         </topicmeta>
         <topic href="otherfunctions/other_function00.html" data-id="other_function00" wh-toc-id="other_function00-d46e440">
            <title>添加备注</title>
            <shortdesc>
               <p xmlns="http://www.w3.org/1999/xhtml" class="shortdesc">给其他参与项目人员的提示信息。</p>
            </shortdesc>
            <topicmeta>
               <resourceid class="- topic/resourceid " oxy-source="topic" appid="other_function00"></resourceid>
               <navtitle class="- topic/navtitle ">添加备注</navtitle><?ditaot gentext?>
               <linktext class="- map/linktext ">添加备注</linktext><?ditaot genshortdesc?>
               <shortdesc class="- map/shortdesc ">给其他参与项目人员的提示信息。</shortdesc>
            </topicmeta>
         </topic>
         <topic href="otherfunctions/other_function01.html" data-id="other_function11" wh-toc-id="other_function11-d46e451">
            <title>查看修改记录</title>
            <shortdesc>
               <p xmlns="http://www.w3.org/1999/xhtml" class="shortdesc">修改记录可以帮助译员查看编辑和校对译文的修改情况。</p>
            </shortdesc>
            <topicmeta>
               <resourceid class="- topic/resourceid " oxy-source="topic" appid="other_function11"></resourceid>
               <navtitle class="- topic/navtitle ">查看修改记录</navtitle><?ditaot gentext?>
               <linktext class="- map/linktext ">查看修改记录</linktext><?ditaot genshortdesc?>
               <shortdesc class="- map/shortdesc ">修改记录可以帮助译员查看编辑和校对译文的修改情况。</shortdesc>
            </topicmeta>
         </topic>
         <topic href="otherfunctions/other_function02.html" data-id="other_function02" wh-toc-id="other_function02-d46e462">
            <title>加入聊天室</title>
            <shortdesc>
               <p xmlns="http://www.w3.org/1999/xhtml" class="shortdesc">项目聊天室是用于参与项目翻译人员时实交流工具。团队协作时，您可以通过及时与其他项目人员沟通。</p>
            </shortdesc>
            <topicmeta>
               <resourceid class="- topic/resourceid " oxy-source="topic" appid="other_function02"></resourceid>
               <navtitle class="- topic/navtitle ">加入聊天室</navtitle><?ditaot gentext?>
               <linktext class="- map/linktext ">加入聊天室</linktext><?ditaot genshortdesc?>
               <shortdesc class="- map/shortdesc ">项目聊天室是用于参与项目翻译人员时实交流工具。团队协作时，您可以通过及时与其他项目人员沟通。</shortdesc>
            </topicmeta>
         </topic>
      </topic>
      <topic href="commonoperation/display_setting.html" data-id="display_setting" wh-toc-id="display_setting-d46e473">
         <title>显示设置</title>
         <shortdesc>
            <p xmlns="http://www.w3.org/1999/xhtml" class="shortdesc">您可以根据需要对翻译界面的字号、主题模式进行修改。</p>
         </shortdesc>
         <topicmeta>
            <resourceid class="- topic/resourceid " oxy-source="topic" appid="display_setting"></resourceid>
            <navtitle class="- topic/navtitle ">显示设置</navtitle><?ditaot gentext?>
            <linktext class="- map/linktext ">显示设置</linktext><?ditaot genshortdesc?>
            <shortdesc class="- map/shortdesc ">您可以根据需要对翻译界面的字号、主题模式进行修改。</shortdesc>
         </topicmeta>
         <topic href="commonoperation/display_setting01.html" data-id="task_nkz_3h2_dgb" wh-toc-id="task_nkz_3h2_dgb-d46e484">
            <title>调整字号</title>
            <shortdesc>
               <p xmlns="http://www.w3.org/1999/xhtml" class="shortdesc"></p>
            </shortdesc>
            <topicmeta>
               <resourceid class="- topic/resourceid " oxy-source="topic" appid="task_nkz_3h2_dgb"></resourceid>
               <navtitle class="- topic/navtitle ">调整字号</navtitle><?ditaot gentext?>
               <linktext class="- map/linktext ">调整字号</linktext><?ditaot genshortdesc?>
               <shortdesc class="- map/shortdesc "></shortdesc>
            </topicmeta>
         </topic>
         <topic href="commonoperation/display_setting02.html" data-id="display_setting02" wh-toc-id="display_setting02-d46e494">
            <title>修改主题模式</title>
            <shortdesc>
               <p xmlns="http://www.w3.org/1999/xhtml" class="shortdesc">您可以根据需要，在不同主题模式之间进行切换。</p>
            </shortdesc>
            <topicmeta>
               <resourceid class="- topic/resourceid " oxy-source="topic" appid="display_setting02"></resourceid>
               <navtitle class="- topic/navtitle ">修改主题模式</navtitle><?ditaot gentext?>
               <linktext class="- map/linktext ">修改主题模式</linktext><?ditaot genshortdesc?>
               <shortdesc class="- map/shortdesc ">您可以根据需要，在不同主题模式之间进行切换。</shortdesc>
            </topicmeta>
         </topic>
      </topic>
   </topic>
   <topic href="FAQs/faqs.html" data-id="faqs" wh-toc-id="faqs-d46e506">
      <title>常见问题</title>
      <shortdesc>
         <p xmlns="http://www.w3.org/1999/xhtml" class="shortdesc">常见问题让您更了解译马网。</p>
      </shortdesc>
      <topicmeta>
         <resourceid class="- topic/resourceid " oxy-source="topic" appid="faqs"></resourceid>
         <navtitle class="- topic/navtitle ">常见问题</navtitle><?ditaot gentext?>
         <linktext class="- map/linktext ">常见问题</linktext><?ditaot genshortdesc?>
         <shortdesc class="- map/shortdesc ">常见问题让您更了解译马网。</shortdesc>
      </topicmeta>
   </topic>
</toc>