<?xml version="1.0" encoding="UTF-8"?><toc xmlns="http://www.oxygenxml.com/ns/webhelp/toc" xmlns:xhtml="http://www.w3.org/1999/xhtml"><title><span xmlns="http://www.w3.org/1999/xhtml" class="booktitle">  <span class="ph mainbooktitle">WizNote Manual for Mac</span>  </span></title><topic href="intro.html" collection-type="sequence" data-id="intro"><title>About WizNote </title><shortdesc><p xmlns="http://www.w3.org/1999/xhtml" class="shortdesc">Welcome to WizNote for Mac!</p>
</shortdesc><topicmeta></topicmeta></topic><topic href="start.html" collection-type="sequence" data-id="start"><title>Get Started</title><topicmeta></topicmeta></topic><topic href="note1.html" collection-type="sequence" data-id="note1"><title>Create a Note Folder</title><topicmeta></topicmeta></topic><topic href="createnote.html" collection-type="sequence" data-id="createnote"><title>Create a Note</title><topicmeta></topicmeta><topic href="noteempty.html" collection-type="sequence" data-id="noteempty"><title>Empty Note</title><topicmeta></topicmeta></topic><topic href="mdnote.html" collection-type="sequence" data-id="mdnote"><title>Markdown Note</title><shortdesc><p xmlns="http://www.w3.org/1999/xhtml" class="shortdesc">Markdown allows you to write structured content, and convert it to HTML.</p>
</shortdesc><topicmeta></topicmeta></topic></topic><topic href="share%20note.html" collection-type="sequence" data-id="share_note"><title>Share Notes</title><shortdesc><p xmlns="http://www.w3.org/1999/xhtml" class="shortdesc">Two ways to share note:</p>
</shortdesc><topicmeta></topicmeta><topic href="sharebyemial.html" collection-type="sequence" data-id="sharebyemial"><title>Share by Email</title><topicmeta></topicmeta></topic><topic href="sharetogroup.html" collection-type="sequence" data-id="sharetogroup"><title>Share to Group</title><topicmeta></topicmeta><topic href="groupknowhow.html" collection-type="sequence" data-id="groupknowhow"><title>Group Basics</title><shortdesc><p xmlns="http://www.w3.org/1999/xhtml" class="shortdesc">Some basic functions for managing group.</p>
</shortdesc><topicmeta></topicmeta></topic></topic></topic><topic href="tagconcept.html" collection-type="sequence" data-id="tagconcept"><title>Add Tags</title><shortdesc><p xmlns="http://www.w3.org/1999/xhtml" class="shortdesc">Two ways to add tags:</p>
</shortdesc><topicmeta></topicmeta><topic href="tagtask.html" collection-type="sequence" data-id="tagtask"><title>Tags on the Interface</title><topicmeta></topicmeta></topic><topic href="tagstask2.html" collection-type="sequence" data-id="tagstask2"><title>Tags When Editing</title><topicmeta></topicmeta></topic></topic><topic href="search.html" collection-type="sequence" data-id="search"><title>Search Note Content</title><shortdesc><p xmlns="http://www.w3.org/1999/xhtml" class="shortdesc">Two ways to search note content:</p>
</shortdesc><topicmeta></topicmeta><topic href="searchquick.html" collection-type="sequence" data-id="searchquick"><title>Quick Search</title><topicmeta></topicmeta></topic><topic href="searchcustom.html" collection-type="sequence" data-id="searchcustom"><title>Advanced Search</title><topicmeta></topicmeta></topic></topic><topic href="restore.html" collection-type="sequence" data-id="restore"><title>Recover Deleted Notes</title><shortdesc><p xmlns="http://www.w3.org/1999/xhtml" class="shortdesc">You can recover deleted notes.</p>
</shortdesc><topicmeta></topicmeta></topic><topic href="more.html" collection-type="sequence" data-id="more"><title>For More Information</title><topicmeta></topicmeta></topic></toc>